-- MySQL dump 10.13  Distrib 9.0.1, for Linux (aarch64)
--
-- Host: localhost    Database: signature
-- ------------------------------------------------------
-- Server version	9.0.1

/*!40101 SET @OLD_CHARACTER_SET_CLIENT=@@CHARACTER_SET_CLIENT */;
/*!40101 SET @OLD_CHARACTER_SET_RESULTS=@@CHARACTER_SET_RESULTS */;
/*!40101 SET @OLD_COLLATION_CONNECTION=@@COLLATION_CONNECTION */;
/*!50503 SET NAMES utf8mb4 */;
/*!40103 SET @OLD_TIME_ZONE=@@TIME_ZONE */;
/*!40103 SET TIME_ZONE='+00:00' */;
/*!40014 SET @OLD_UNIQUE_CHECKS=@@UNIQUE_CHECKS, UNIQUE_CHECKS=0 */;
/*!40014 SET @OLD_FOREIGN_KEY_CHECKS=@@FOREIGN_KEY_CHECKS, FOREIGN_KEY_CHECKS=0 */;
/*!40101 SET @OLD_SQL_MODE=@@SQL_MODE, SQL_MODE='NO_AUTO_VALUE_ON_ZERO' */;
/*!40111 SET @OLD_SQL_NOTES=@@SQL_NOTES, SQL_NOTES=0 */;

--
-- Current Database: `signature`
--

CREATE DATABASE /*!32312 IF NOT EXISTS*/ `signature` /*!40100 DEFAULT CHARACTER SET utf8mb4 COLLATE utf8mb4_0900_ai_ci */ /*!80016 DEFAULT ENCRYPTION='N' */;

USE `signature`;

--
-- Table structure for table `Activity`
--

DROP TABLE IF EXISTS `Activity`;
/*!40101 SET @saved_cs_client     = @@character_set_client */;
/*!50503 SET character_set_client = utf8mb4 */;
CREATE TABLE `Activity` (
  `activity_id` int NOT NULL AUTO_INCREMENT,
  `bng_activity_id` bigint NOT NULL,
  `activity_name` varchar(75) COLLATE utf8mb4_unicode_ci NOT NULL,
  `max_fireteam_size` int NOT NULL DEFAULT '0',
  `type` varchar(100) COLLATE utf8mb4_unicode_ci NOT NULL DEFAULT 'Activity_Type',
  `modifiers` varchar(500) COLLATE utf8mb4_unicode_ci NOT NULL,
  PRIMARY KEY (`activity_id`),
  UNIQUE KEY `Activity_bng_activity_id_key` (`bng_activity_id`)
) ENGINE=InnoDB AUTO_INCREMENT=1011 DEFAULT CHARSET=utf8mb4 COLLATE=utf8mb4_unicode_ci;
/*!40101 SET character_set_client = @saved_cs_client */;

--
-- Dumping data for table `Activity`
--

LOCK TABLES `Activity` WRITE;
/*!40000 ALTER TABLE `Activity` DISABLE KEYS */;
INSERT INTO `Activity` VALUES (1,743628305,'Vanguard Ops',3,'Vanguard Op','Flare, Flare, Snowstorm'),(11,3981864036,'Bunker E15: Expert',3,'Lost Sector','Shielded Foes, Shielded Foes, Overcharged Weapons, Expert Modifiers, Equipment Locked, Limited Reviv...'),(14,2754695317,'Competitive',6,'The Crucible','Competitive Division Rules, Placement Series, Promotion Series, Relegation Series, Notswap, Increase...'),(26,2888503916,'Iron Banner: Fortress',12,'Iron Banner','Iron Banner: Fortress, Iron Banner Rank Boost, Matchmaking'),(48,588019350,'Trials of Osiris',6,'Trials of Osiris','Dominion Rules, Notswap, Increased Trials Rank, Increased Crucible Rank, Double Crucible Drops, Matc...'),(103,2259621230,'Rumble',6,'The Crucible','Rumble Rules, Notswap, Increased Crucible Rank, Double Crucible Drops, Matchmaking, Longer Respawns'),(114,3374318171,'Checkmate Control',12,'The Crucible','Control Rules, Increased Crucible Rank, Double Crucible Drops, Checkmate Modifiers, Matchmaking'),(130,2004855007,'Warlord\'s Ruin: Standard',3,'Dungeon','Exotic Drop Rate Boosts Gained'),(155,4179289725,'Crota\'s End: Normal',6,'Raid','Contest Mode, Contest Mode'),(195,1174061510,'K1 Revelation: Expert',3,'Lost Sector','Shielded Foes, Shielded Foes, Overcharged Weapons, Expert Modifiers, Equipment Locked, Limited Reviv...'),(196,2043447315,'New Territory',6,'The Crucible','New Territory, Notswap, Increased Crucible Rank, Double Crucible Drops, Matchmaking'),(212,1683791010,'Iron Banner: Control',12,'Iron Banner','Control Rules, Iron Banner Rank Boost, Matchmaking, Longer Respawns'),(257,2518800571,'Class Clash',6,'The Crucible','Increased Crucible Rank, Double Crucible Drops, Clash Rules, Notswap, Matchmaking'),(270,4078656646,'Grasp of Avarice: Standard',3,'Dungeon',''),(286,2122313384,'Last Wish: Standard',6,'Raid','Summoning Ritual, Which Witch, Forever Fight, Keep Out, Strength of Memory, Boosts Gained'),(295,55186256,'Skydock IV: Master',3,'Lost Sector','Shielded Foes, Shielded Foes, Overcharged Weapons, Master Modifiers, Limited Revives, Champion Foes,...'),(307,2955009825,'Iron Banner: Tribute',12,'Iron Banner','Iron Banner: Tribute, Iron Banner Rank Boost, Matchmaking'),(360,1717505396,'Control',12,'The Crucible','Control Rules, Notswap, Increased Crucible Rank, Double Crucible Drops, Matchmaking, Longer Respawns'),(381,1077850348,'Prophecy',3,'Dungeon',''),(397,4269987990,'The Conflux: Expert',3,'Lost Sector','Shielded Foes, Shielded Foes, Overcharged Weapons, Expert Modifiers, Equipment Locked, Limited Reviv...'),(900,283251614,'Metamorphosis: Expert',3,'Lost Sector','Shielded Foes, Shielded Foes, Overcharged Weapons, Expert Modifiers, Equipment Locked, Limited Reviv...'),(902,135537449,'Survival',6,'Survival',''),(910,2393304349,'Iron Banner: Rift',12,'Iron Banner','Rift Rules, Iron Banner Rank Boost, Shaxx\'s Training Weights, Matchmaking'),(926,4044885806,'Concealed Void: Expert',3,'Lost Sector','Shielded Foes, Shielded Foes, Overcharged Weapons, Expert Modifiers, Equipment Locked, Limited Reviv...'),(992,2032534090,'The Shattered Throne',3,'Dungeon',''),(995,3881495763,'Vault of Glass: Standard',6,'Raid','Ensemble\'s Refrain, Wait For It…, Strangers in Time, The Only Oracle For You, Out of Its Way, Contes...'),(1001,1344654780,'The Quarry: Expert',3,'Lost Sector','Shielded Foes, Shielded Foes, Overcharged Weapons, Expert Modifiers, Equipment Locked, Limited Reviv...'),(1003,4252456044,'Vanguard Strikes',3,'Strike',''),(1007,914148167,'Rumble',6,'Rumble',''),(1008,3176544780,'Control',12,'Control','');
/*!40000 ALTER TABLE `Activity` ENABLE KEYS */;
UNLOCK TABLES;

--
-- Table structure for table `Activity_Stats`
--

DROP TABLE IF EXISTS `Activity_Stats`;
/*!40101 SET @saved_cs_client     = @@character_set_client */;
/*!50503 SET character_set_client = utf8mb4 */;
CREATE TABLE `Activity_Stats` (
  `character_id` int NOT NULL,
  `activity_id` int NOT NULL,
  `instance_id` bigint NOT NULL,
  `activity_name` varchar(255) COLLATE utf8mb4_unicode_ci NOT NULL,
  `weapon_id` int NOT NULL,
  `weapon_name` varchar(255) COLLATE utf8mb4_unicode_ci NOT NULL,
  `kills` int unsigned NOT NULL DEFAULT '0',
  `precision_kills` int unsigned NOT NULL DEFAULT '0',
  `precision_kills_percent` decimal(5,2) NOT NULL DEFAULT '0.00',
  `character_class` enum('HUNTER','WARLOCK','TITAN') COLLATE utf8mb4_unicode_ci NOT NULL,
  PRIMARY KEY (`weapon_id`,`character_id`,`instance_id`),
  KEY `Activity_Stats_activity_id_fkey` (`activity_id`),
  KEY `Activity_Stats_character_id_fkey` (`character_id`),
  CONSTRAINT `Activity_Stats_activity_id_fkey` FOREIGN KEY (`activity_id`) REFERENCES `Activity` (`activity_id`) ON DELETE RESTRICT ON UPDATE CASCADE,
  CONSTRAINT `Activity_Stats_character_id_fkey` FOREIGN KEY (`character_id`) REFERENCES `Character` (`character_id`) ON DELETE RESTRICT ON UPDATE CASCADE,
  CONSTRAINT `Activity_Stats_weapon_id_fkey` FOREIGN KEY (`weapon_id`) REFERENCES `Weapon` (`weapon_id`) ON DELETE RESTRICT ON UPDATE CASCADE
) ENGINE=InnoDB DEFAULT CHARSET=utf8mb4 COLLATE=utf8mb4_unicode_ci;
/*!40101 SET character_set_client = @saved_cs_client */;

--
-- Dumping data for table `Activity_Stats`
--

LOCK TABLES `Activity_Stats` WRITE;
/*!40000 ALTER TABLE `Activity_Stats` DISABLE KEYS */;
INSERT INTO `Activity_Stats` VALUES (1,26,13816176071,'Iron Banner: Fortress',2,'Ammit AR2',11,8,72.73,'HUNTER'),(1,155,13821510929,'Crota\'s End: Normal',2,'Ammit AR2',1460,360,24.66,'HUNTER'),(1,114,13910121639,'Checkmate Control',2,'Ammit AR2',8,4,50.00,'HUNTER'),(1,11,13961637395,'Bunker E15: Expert',2,'Ammit AR2',34,9,26.47,'HUNTER'),(1,130,14118123790,'Warlord\'s Ruin: Standard',2,'Ammit AR2',42,4,9.52,'HUNTER'),(21,14,13536624202,'Competitive',2,'Ammit AR2',2,2,100.00,'HUNTER'),(24,14,13536624202,'Competitive',2,'Ammit AR2',1,0,0.00,'HUNTER'),(217,196,14851516479,'New Territory',2,'Ammit AR2',1,0,0.00,'HUNTER'),(17,14,13536624202,'Competitive',3,'Gjallarhorn',2,0,0.00,'HUNTER'),(136,130,14118123790,'Warlord\'s Ruin: Standard',3,'Gjallarhorn',1,0,0.00,'TITAN'),(343,307,14736409995,'Iron Banner: Tribute',3,'Gjallarhorn',1,0,0.00,'HUNTER'),(1,14,13536624202,'Competitive',5,'Without Remorse',5,0,0.00,'HUNTER'),(193,257,15654487615,'Class Clash',5,'Without Remorse',2,0,0.00,'WARLOCK'),(193,48,15660746963,'Trials of Osiris',5,'Without Remorse',2,0,0.00,'WARLOCK'),(398,103,11993665812,'Rumble',5,'Without Remorse',1,1,100.00,'HUNTER'),(415,14,14506553141,'Competitive',5,'Without Remorse',1,0,0.00,'WARLOCK'),(936,910,11156226323,'Iron Banner: Rift',5,'Without Remorse',1,0,0.00,'TITAN'),(1,103,14108682574,'Rumble',6,'Roar of the Bear',1,0,0.00,'HUNTER'),(376,360,15049131199,'Control',8,'No Hesitation',3,3,100.00,'WARLOCK'),(1,1,10183632386,'Vanguard Ops',10,'Chroma Rush',22,3,13.64,'HUNTER'),(1,1,10183632386,'Vanguard Ops',11,'Shayura\'s Wrath (Adept)',31,14,45.16,'HUNTER'),(417,14,14506553141,'Competitive',11,'Shayura\'s Wrath (Adept)',3,1,33.33,'TITAN'),(6,1,10183632386,'Vanguard Ops',12,'Krait',60,18,30.00,'WARLOCK'),(11,1,10183632386,'Vanguard Ops',12,'Krait',67,27,40.30,'WARLOCK'),(6,1,10183632386,'Vanguard Ops',13,'Null Composure',16,0,0.00,'WARLOCK'),(182,155,13821510929,'Crota\'s End: Normal',13,'Null Composure',27,0,0.00,'HUNTER'),(6,1,10183632386,'Vanguard Ops',14,'Typhon GL5',7,0,0.00,'WARLOCK'),(44,26,13816176071,'Iron Banner: Fortress',14,'Typhon GL5',3,0,0.00,'TITAN'),(424,14,14506553141,'Competitive',14,'Typhon GL5',1,0,0.00,'TITAN'),(427,14,14506553141,'Competitive',14,'Typhon GL5',2,0,0.00,'WARLOCK'),(6,1,10183632386,'Vanguard Ops',15,'Cantata-57',3,0,0.00,'WARLOCK'),(343,307,14736409995,'Iron Banner: Tribute',15,'Cantata-57',9,2,22.22,'HUNTER'),(469,103,11993665812,'Rumble',15,'Cantata-57',3,1,33.33,'TITAN'),(6,1,10183632386,'Vanguard Ops',16,'Osteo Striga',12,0,0.00,'WARLOCK'),(105,155,13821510929,'Crota\'s End: Normal',16,'Osteo Striga',1467,201,13.70,'WARLOCK'),(105,130,14118123790,'Warlord\'s Ruin: Standard',16,'Osteo Striga',75,10,13.33,'WARLOCK'),(196,1,13028758697,'Vanguard Ops',16,'Osteo Striga',48,13,27.08,'WARLOCK'),(279,270,13940488861,'Grasp of Avarice: Standard',16,'Osteo Striga',43,6,13.95,'WARLOCK'),(11,1,10183632386,'Vanguard Ops',18,'Grand Overture',11,0,0.00,'WARLOCK'),(11,1,10183632386,'Vanguard Ops',19,'Xenoclast IV',1,0,0.00,'WARLOCK'),(1,11,13961637395,'Bunker E15: Expert',21,'Circular Logic',10,3,30.00,'HUNTER'),(1,26,13816176071,'Iron Banner: Fortress',22,'Conditional Finality',1,0,0.00,'HUNTER'),(1,155,13821510929,'Crota\'s End: Normal',22,'Conditional Finality',59,3,5.08,'HUNTER'),(1,114,13910121639,'Checkmate Control',22,'Conditional Finality',2,0,0.00,'HUNTER'),(1,11,13961637395,'Bunker E15: Expert',22,'Conditional Finality',4,0,0.00,'HUNTER'),(1,130,14118123790,'Warlord\'s Ruin: Standard',22,'Conditional Finality',16,0,0.00,'HUNTER'),(185,155,13821510929,'Crota\'s End: Normal',22,'Conditional Finality',1,0,0.00,'WARLOCK'),(340,307,14736409995,'Iron Banner: Tribute',22,'Conditional Finality',3,0,0.00,'HUNTER'),(367,103,14666772906,'Rumble',22,'Conditional Finality',1,0,0.00,'WARLOCK'),(374,360,15049131199,'Control',22,'Conditional Finality',2,0,0.00,'TITAN'),(967,14,13711242345,'Competitive',22,'Conditional Finality',1,0,0.00,'WARLOCK'),(983,212,15721208736,'Iron Banner: Control',22,'Conditional Finality',3,0,0.00,'TITAN'),(1011,14,15899171765,'Competitive',22,'Conditional Finality',3,0,0.00,'TITAN'),(17,14,13536624202,'Competitive',24,'The Messenger (Adept)',1,1,100.00,'HUNTER'),(652,212,15730097455,'Iron Banner: Control',24,'The Messenger (Adept)',8,5,62.50,'TITAN'),(1,14,13536624202,'Competitive',25,'Different Times',5,3,60.00,'HUNTER'),(21,14,13536624202,'Competitive',28,'Fractethyst',1,0,0.00,'HUNTER'),(868,212,15728181965,'Iron Banner: Control',28,'Fractethyst',1,0,0.00,'TITAN'),(23,14,13536624202,'Competitive',29,'SUROS Regime',4,1,25.00,'WARLOCK'),(109,103,14108682574,'Rumble',29,'SUROS Regime',13,9,69.23,'HUNTER'),(378,360,15049131199,'Control',29,'SUROS Regime',6,4,66.67,'TITAN'),(1027,212,10125867282,'Iron Banner: Control',29,'SUROS Regime',1,0,0.00,'HUNTER'),(24,14,13536624202,'Competitive',30,'Buzzard (Adept)',2,1,50.00,'HUNTER'),(398,397,15564127100,'The Conflux: Expert',30,'Buzzard (Adept)',26,6,23.08,'HUNTER'),(953,926,14173743104,'Concealed Void: Expert',30,'Buzzard (Adept)',12,1,8.33,'HUNTER'),(26,14,13536624202,'Competitive',32,'Trespasser',1,1,100.00,'TITAN'),(114,103,14108682574,'Rumble',32,'Trespasser',6,4,66.67,'WARLOCK'),(338,307,14736409995,'Iron Banner: Tribute',32,'Trespasser',4,2,50.00,'HUNTER'),(26,14,13536624202,'Competitive',33,'Astral Horizon',2,0,0.00,'TITAN'),(26,14,13536624202,'Competitive',34,'The Immortal',1,0,0.00,'TITAN'),(961,14,13711242345,'Competitive',34,'The Immortal',5,2,40.00,'HUNTER'),(29,26,13816176071,'Iron Banner: Fortress',35,'Ace of Spades',9,4,44.44,'WARLOCK'),(193,196,14851516479,'New Territory',35,'Ace of Spades',7,4,57.14,'WARLOCK'),(193,257,15654487615,'Class Clash',35,'Ace of Spades',13,8,61.54,'WARLOCK'),(193,48,15660746963,'Trials of Osiris',35,'Ace of Spades',1,1,100.00,'WARLOCK'),(217,196,14851516479,'New Territory',35,'Ace of Spades',2,0,0.00,'HUNTER'),(268,257,15654487615,'Class Clash',35,'Ace of Spades',1,1,100.00,'TITAN'),(309,14,13798112249,'Competitive',35,'Ace of Spades',10,4,40.00,'TITAN'),(364,103,14666772906,'Rumble',35,'Ace of Spades',6,4,66.67,'HUNTER'),(371,103,14666772906,'Rumble',35,'Ace of Spades',3,3,100.00,'WARLOCK'),(471,103,11993665812,'Rumble',35,'Ace of Spades',3,1,33.33,'HUNTER'),(1018,14,15899171765,'Competitive',35,'Ace of Spades',1,1,100.00,'WARLOCK'),(29,26,13816176071,'Iron Banner: Fortress',36,'Zealot\'s Reward',1,0,0.00,'WARLOCK'),(31,26,13816176071,'Iron Banner: Fortress',37,'Wish-Ender',9,7,77.78,'WARLOCK'),(31,26,13816176071,'Iron Banner: Fortress',38,'Heliocentric QSc',4,0,0.00,'WARLOCK'),(106,48,15338227702,'Trials of Osiris',38,'Heliocentric QSc',4,1,25.00,'HUNTER'),(33,26,13816176071,'Iron Banner: Fortress',39,'Lodbrok-C',15,9,60.00,'TITAN'),(34,26,13816176071,'Iron Banner: Fortress',40,'Doom of Chelchis',7,4,57.14,'TITAN'),(185,155,13821510929,'Crota\'s End: Normal',40,'Doom of Chelchis',25,11,44.00,'WARLOCK'),(35,26,13816176071,'Iron Banner: Fortress',41,'Vulpecula',2,1,50.00,'TITAN'),(466,103,11993665812,'Rumble',41,'Vulpecula',3,2,66.67,'HUNTER'),(35,26,13816176071,'Iron Banner: Fortress',42,'Gunnora\'s Axe',2,1,50.00,'TITAN'),(652,212,15730097455,'Iron Banner: Control',42,'Gunnora\'s Axe',2,1,50.00,'TITAN'),(37,26,13816176071,'Iron Banner: Fortress',43,'Riiswalker',1,1,100.00,'TITAN'),(205,196,14851516479,'New Territory',43,'Riiswalker',3,0,0.00,'TITAN'),(37,26,13816176071,'Iron Banner: Fortress',44,'Last Perdition',2,1,50.00,'TITAN'),(39,26,13816176071,'Iron Banner: Fortress',45,'Battle Scar',4,3,75.00,'WARLOCK'),(387,360,15049131199,'Control',45,'Battle Scar',1,0,0.00,'TITAN'),(42,26,13816176071,'Iron Banner: Fortress',48,'Symmetry',5,3,60.00,'TITAN'),(42,26,13816176071,'Iron Banner: Fortress',49,'Mykel\'s Reverence',1,0,0.00,'TITAN'),(44,26,13816176071,'Iron Banner: Fortress',50,'Unending Tempest',5,4,80.00,'TITAN'),(385,360,15049131199,'Control',50,'Unending Tempest',4,1,25.00,'HUNTER'),(419,14,14506553141,'Competitive',50,'Unending Tempest',5,2,40.00,'WARLOCK'),(996,103,14209326448,'Rumble',50,'Unending Tempest',10,7,70.00,'TITAN'),(44,26,13816176071,'Iron Banner: Fortress',52,'Snorri FR5',1,0,0.00,'TITAN'),(47,26,13816176071,'Iron Banner: Fortress',53,'Swarm of the Raven',3,0,0.00,'HUNTER'),(972,212,15721208736,'Iron Banner: Control',53,'Swarm of the Raven',1,0,0.00,'HUNTER'),(47,26,13816176071,'Iron Banner: Fortress',54,'Succession',3,1,33.33,'HUNTER'),(47,26,13816176071,'Iron Banner: Fortress',55,'Exalted Truth (Adept)',9,5,55.56,'HUNTER'),(50,26,13816176071,'Iron Banner: Fortress',56,'Eidolon Ally',8,4,50.00,'TITAN'),(1,48,15338227702,'Trials of Osiris',57,'Khvostov 7G-0X',5,2,40.00,'HUNTER'),(106,48,15338227702,'Trials of Osiris',57,'Khvostov 7G-0X',9,7,77.78,'HUNTER'),(296,360,15049131199,'Control',57,'Khvostov 7G-0X',14,9,64.29,'HUNTER'),(459,48,15696954571,'Trials of Osiris',57,'Khvostov 7G-0X',2,1,50.00,'WARLOCK'),(987,212,15721208736,'Iron Banner: Control',57,'Khvostov 7G-0X',5,2,40.00,'TITAN'),(989,212,15721208736,'Iron Banner: Control',57,'Khvostov 7G-0X',2,1,50.00,'HUNTER'),(1,48,15338227702,'Trials of Osiris',116,'Mercurial Overreach',1,1,100.00,'HUNTER'),(965,14,13711242345,'Competitive',116,'Mercurial Overreach',4,2,50.00,'WARLOCK'),(105,48,15338227702,'Trials of Osiris',117,'BxR-55 Battler',4,4,100.00,'WARLOCK'),(116,103,14108682574,'Rumble',117,'BxR-55 Battler',3,3,100.00,'HUNTER'),(941,910,11156226323,'Iron Banner: Rift',117,'BxR-55 Battler',2,1,50.00,'TITAN'),(1023,1,12720772228,'Vanguard Ops',117,'BxR-55 Battler',26,14,53.85,'TITAN'),(108,48,15338227702,'Trials of Osiris',120,'Red Death Reformed',3,2,66.67,'HUNTER'),(376,360,15049131199,'Control',120,'Red Death Reformed',5,2,40.00,'WARLOCK'),(391,360,15049131199,'Control',120,'Red Death Reformed',3,2,66.67,'WARLOCK'),(109,103,14108682574,'Rumble',121,'Matador 64',4,1,25.00,'HUNTER'),(253,48,15660746963,'Trials of Osiris',121,'Matador 64',2,1,50.00,'WARLOCK'),(319,307,14736409995,'Iron Banner: Tribute',121,'Matador 64',3,0,0.00,'HUNTER'),(354,48,14819535812,'Trials of Osiris',121,'Matador 64',2,0,0.00,'HUNTER'),(398,14,14506553141,'Competitive',121,'Matador 64',2,0,0.00,'HUNTER'),(398,48,15696954571,'Trials of Osiris',121,'Matador 64',1,0,0.00,'HUNTER'),(953,14,13711242345,'Competitive',121,'Matador 64',1,0,0.00,'HUNTER'),(1014,14,15899171765,'Competitive',121,'Matador 64',3,0,0.00,'TITAN'),(1,103,14108682574,'Rumble',123,'Boudica-C',9,5,55.56,'HUNTER'),(1,103,14108682574,'Rumble',124,'Cloudstrike',4,4,100.00,'HUNTER'),(310,14,13798112249,'Competitive',124,'Cloudstrike',3,3,100.00,'TITAN'),(861,212,15728181965,'Iron Banner: Control',124,'Cloudstrike',4,3,75.00,'TITAN'),(992,48,16009407682,'Trials of Osiris',124,'Cloudstrike',3,3,100.00,'HUNTER'),(114,103,14108682574,'Rumble',126,'Perpetualis',2,1,50.00,'WARLOCK'),(116,103,14108682574,'Rumble',128,'Sweet Sorrow',1,0,0.00,'HUNTER'),(116,103,14108682574,'Rumble',130,'The Last Word',1,0,0.00,'HUNTER'),(379,360,15049131199,'Control',130,'The Last Word',3,2,66.67,'TITAN'),(119,103,14108682574,'Rumble',131,'Rose',4,3,75.00,'WARLOCK'),(335,307,14736409995,'Iron Banner: Tribute',131,'Rose',2,2,100.00,'WARLOCK'),(354,48,14819535812,'Trials of Osiris',131,'Rose',3,2,66.67,'HUNTER'),(361,48,14819535812,'Trials of Osiris',131,'Rose',2,0,0.00,'WARLOCK'),(398,14,14506553141,'Competitive',131,'Rose',4,3,75.00,'HUNTER'),(855,212,15728181965,'Iron Banner: Control',131,'Rose',6,4,66.67,'HUNTER'),(876,212,15728181965,'Iron Banner: Control',131,'Rose',1,1,100.00,'HUNTER'),(1006,103,14209326448,'Rumble',131,'Rose',2,1,50.00,'WARLOCK'),(1007,14,15899171765,'Competitive',131,'Rose',1,1,100.00,'HUNTER'),(1014,14,15899171765,'Competitive',131,'Rose',5,0,0.00,'TITAN'),(1018,14,15899171765,'Competitive',131,'Rose',1,0,0.00,'WARLOCK'),(120,114,13910121639,'Checkmate Control',132,'Firefright',6,5,83.33,'TITAN'),(122,114,13910121639,'Checkmate Control',132,'Firefright',9,6,66.67,'TITAN'),(120,114,13910121639,'Checkmate Control',133,'Prophet of Doom',4,1,25.00,'TITAN'),(122,114,13910121639,'Checkmate Control',135,'Fioritura-59',1,0,0.00,'TITAN'),(350,48,14819535812,'Trials of Osiris',135,'Fioritura-59',2,1,50.00,'TITAN'),(124,114,13910121639,'Checkmate Control',136,'The Immortal (Adept)',11,6,54.55,'TITAN'),(999,103,14209326448,'Rumble',136,'The Immortal (Adept)',6,2,33.33,'TITAN'),(1023,14,13236392699,'Competitive',136,'The Immortal (Adept)',10,5,50.00,'TITAN'),(124,114,13910121639,'Checkmate Control',137,'Igneous Hammer (Adept)',4,3,75.00,'TITAN'),(967,14,13711242345,'Competitive',137,'Igneous Hammer (Adept)',4,3,75.00,'WARLOCK'),(105,130,14118123790,'Warlord\'s Ruin: Standard',140,'Thorn',301,45,14.95,'WARLOCK'),(128,114,13910121639,'Checkmate Control',140,'Thorn',1,1,100.00,'WARLOCK'),(193,286,14111809106,'Last Wish: Standard',140,'Thorn',377,85,22.55,'WARLOCK'),(207,196,14851516479,'New Territory',140,'Thorn',5,2,40.00,'TITAN'),(1002,103,14209326448,'Rumble',140,'Thorn',1,1,100.00,'HUNTER'),(1027,1008,6149539771,'Control',140,'Thorn',7,5,71.43,'HUNTER'),(129,114,13910121639,'Checkmate Control',141,'Adjudicator',3,3,100.00,'WARLOCK'),(129,114,13910121639,'Checkmate Control',142,'The End',3,1,33.33,'WARLOCK'),(1,155,13821510929,'Crota\'s End: Normal',143,'Quicksilver Storm',61,13,21.31,'HUNTER'),(185,155,13821510929,'Crota\'s End: Normal',143,'Quicksilver Storm',1082,309,28.56,'WARLOCK'),(296,1,14592060714,'Vanguard Ops',143,'Quicksilver Storm',58,16,27.59,'HUNTER'),(296,48,14819535812,'Trials of Osiris',143,'Quicksilver Storm',3,2,66.67,'HUNTER'),(132,114,13910121639,'Checkmate Control',144,'Graviton Lance',3,0,0.00,'HUNTER'),(658,212,15730097455,'Iron Banner: Control',144,'Graviton Lance',7,4,57.14,'TITAN'),(664,212,15730097455,'Iron Banner: Control',144,'Graviton Lance',3,1,33.33,'HUNTER'),(864,212,15728181965,'Iron Banner: Control',144,'Graviton Lance',3,2,66.67,'WARLOCK'),(868,212,15728181965,'Iron Banner: Control',144,'Graviton Lance',2,1,50.00,'TITAN'),(961,14,13711242345,'Competitive',144,'Graviton Lance',2,1,50.00,'HUNTER'),(133,114,13910121639,'Checkmate Control',145,'Ticuu\'s Divination',6,1,16.67,'WARLOCK'),(211,270,13940488861,'Grasp of Avarice: Standard',145,'Ticuu\'s Divination',46,7,15.22,'HUNTER'),(134,114,13910121639,'Checkmate Control',146,'Igneous Hammer (Adept)',3,3,100.00,'TITAN'),(419,14,14506553141,'Competitive',146,'Igneous Hammer (Adept)',3,2,66.67,'WARLOCK'),(262,103,7765294547,'Rumble',147,'Riskrunner',1,1,100.00,'WARLOCK'),(913,1,14902447487,'Vanguard Ops',147,'Riskrunner',24,5,20.83,'WARLOCK'),(136,155,13821510929,'Crota\'s End: Normal',148,'Abyss Defiant',355,103,29.01,'TITAN'),(136,130,14118123790,'Warlord\'s Ruin: Standard',148,'Abyss Defiant',75,10,13.33,'TITAN'),(136,130,14118123790,'Warlord\'s Ruin: Standard',149,'Dragon\'s Breath',8,0,0.00,'TITAN'),(296,286,14266373536,'Last Wish: Standard',149,'Dragon\'s Breath',391,0,0.00,'HUNTER'),(398,1,15630829085,'Vanguard Ops',149,'Dragon\'s Breath',4,0,0.00,'HUNTER'),(404,1,15630829085,'Vanguard Ops',149,'Dragon\'s Breath',1,0,0.00,'WARLOCK'),(953,926,14173743104,'Concealed Void: Expert',149,'Dragon\'s Breath',12,0,0.00,'HUNTER'),(136,130,14118123790,'Warlord\'s Ruin: Standard',150,'Swordbreaker',3,1,33.33,'TITAN'),(136,155,13821510929,'Crota\'s End: Normal',151,'Aurvandil FR6',4,0,0.00,'TITAN'),(136,130,14118123790,'Warlord\'s Ruin: Standard',151,'Aurvandil FR6',16,0,0.00,'TITAN'),(136,155,13821510929,'Crota\'s End: Normal',153,'Monte Carlo',312,75,24.04,'TITAN'),(136,130,14118123790,'Warlord\'s Ruin: Standard',153,'Monte Carlo',63,14,22.22,'TITAN'),(182,155,13821510929,'Crota\'s End: Normal',153,'Monte Carlo',869,210,24.17,'HUNTER'),(136,130,14118123790,'Warlord\'s Ruin: Standard',154,'The Comedian',14,1,7.14,'TITAN'),(1,130,14118123790,'Warlord\'s Ruin: Standard',155,'Retrofit Escapade',1,1,100.00,'HUNTER'),(105,155,13821510929,'Crota\'s End: Normal',155,'Retrofit Escapade',23,12,52.17,'WARLOCK'),(105,130,14118123790,'Warlord\'s Ruin: Standard',155,'Retrofit Escapade',1,0,0.00,'WARLOCK'),(136,130,14118123790,'Warlord\'s Ruin: Standard',155,'Retrofit Escapade',4,0,0.00,'TITAN'),(165,155,13821510929,'Crota\'s End: Normal',155,'Retrofit Escapade',22,9,40.91,'HUNTER'),(1,155,13821510929,'Crota\'s End: Normal',158,'Cold Comfort',2,0,0.00,'HUNTER'),(1,130,14118123790,'Warlord\'s Ruin: Standard',158,'Cold Comfort',3,0,0.00,'HUNTER'),(1,130,14118123790,'Warlord\'s Ruin: Standard',159,'IKELOS_SMG_v1.0.3',155,26,16.77,'HUNTER'),(1,130,14118123790,'Warlord\'s Ruin: Standard',160,'Witherhoard',17,0,0.00,'HUNTER'),(193,1,13028758697,'Vanguard Ops',160,'Witherhoard',25,0,0.00,'WARLOCK'),(279,270,13940488861,'Grasp of Avarice: Standard',160,'Witherhoard',2,0,0.00,'WARLOCK'),(963,14,13711242345,'Competitive',160,'Witherhoard',1,0,0.00,'HUNTER'),(1,155,13821510929,'Crota\'s End: Normal',162,'Forbearance',28,0,0.00,'HUNTER'),(1,130,14118123790,'Warlord\'s Ruin: Standard',162,'Forbearance',98,0,0.00,'HUNTER'),(185,155,13821510929,'Crota\'s End: Normal',162,'Forbearance',89,0,0.00,'WARLOCK'),(296,1,14592060714,'Vanguard Ops',162,'Forbearance',29,0,0.00,'HUNTER'),(867,212,15728181965,'Iron Banner: Control',162,'Forbearance',1,0,0.00,'TITAN'),(1,130,14118123790,'Warlord\'s Ruin: Standard',163,'Submission',24,3,12.50,'HUNTER'),(1,130,14118123790,'Warlord\'s Ruin: Standard',164,'Parasite',5,0,0.00,'HUNTER'),(466,103,11993665812,'Rumble',164,'Parasite',2,0,0.00,'HUNTER'),(105,155,13821510929,'Crota\'s End: Normal',166,'The Enigma',12,0,0.00,'WARLOCK'),(105,130,14118123790,'Warlord\'s Ruin: Standard',166,'The Enigma',6,0,0.00,'WARLOCK'),(211,48,15660746963,'Trials of Osiris',166,'The Enigma',1,0,0.00,'HUNTER'),(105,130,14118123790,'Warlord\'s Ruin: Standard',167,'Necrochasm',14,2,14.29,'WARLOCK'),(661,212,15730097455,'Iron Banner: Control',167,'Necrochasm',2,2,100.00,'WARLOCK'),(105,130,14118123790,'Warlord\'s Ruin: Standard',168,'Apex Predator',1,0,0.00,'WARLOCK'),(398,397,15564127100,'The Conflux: Expert',168,'Apex Predator',1,0,0.00,'HUNTER'),(105,130,14118123790,'Warlord\'s Ruin: Standard',170,'Techeun Force',7,0,0.00,'WARLOCK'),(105,130,14118123790,'Warlord\'s Ruin: Standard',172,'Indebted Kindness',63,1,1.59,'WARLOCK'),(136,155,13821510929,'Crota\'s End: Normal',175,'Tractor Cannon',2,0,0.00,'TITAN'),(165,155,13821510929,'Crota\'s End: Normal',177,'Servant Leader',21,5,23.81,'HUNTER'),(165,155,13821510929,'Crota\'s End: Normal',178,'Wavesplitter',285,56,19.65,'HUNTER'),(165,155,13821510929,'Crota\'s End: Normal',180,'The Title',81,12,14.81,'HUNTER'),(165,155,13821510929,'Crota\'s End: Normal',181,'Dark Decider',222,64,28.83,'HUNTER'),(165,155,13821510929,'Crota\'s End: Normal',182,'Thunderlord',6,4,66.67,'HUNTER'),(855,212,15728181965,'Iron Banner: Control',182,'Thunderlord',5,3,60.00,'HUNTER'),(933,902,4727663635,'Survival',182,'Thunderlord',6,4,66.67,'HUNTER'),(990,48,16009407682,'Trials of Osiris',182,'Thunderlord',2,0,0.00,'HUNTER'),(165,155,13821510929,'Crota\'s End: Normal',183,'Wastelander M5',25,2,8.00,'HUNTER'),(469,103,11993665812,'Rumble',183,'Wastelander M5',4,0,0.00,'TITAN'),(105,155,13821510929,'Crota\'s End: Normal',190,'The Other Half',42,0,0.00,'WARLOCK'),(182,155,13821510929,'Crota\'s End: Normal',190,'The Other Half',8,0,0.00,'HUNTER'),(196,1,13028758697,'Vanguard Ops',190,'The Other Half',46,0,0.00,'WARLOCK'),(211,270,13940488861,'Grasp of Avarice: Standard',190,'The Other Half',1,0,0.00,'HUNTER'),(979,212,15721208736,'Iron Banner: Control',190,'The Other Half',1,0,0.00,'WARLOCK'),(1002,103,14209326448,'Rumble',190,'The Other Half',4,0,0.00,'HUNTER'),(105,155,13821510929,'Crota\'s End: Normal',191,'Retold Tale',9,2,22.22,'WARLOCK'),(268,257,15654487615,'Class Clash',191,'Retold Tale',2,0,0.00,'TITAN'),(462,103,11993665812,'Rumble',191,'Retold Tale',7,2,28.57,'HUNTER'),(1027,1007,6156375814,'Rumble',191,'Retold Tale',2,0,0.00,'HUNTER'),(185,155,13821510929,'Crota\'s End: Normal',197,'Bug-Out Bag',80,28,35.00,'WARLOCK'),(185,155,13821510929,'Crota\'s End: Normal',199,'Qullim\'s Terminus',48,12,25.00,'WARLOCK'),(185,155,13821510929,'Crota\'s End: Normal',202,'PLUG ONE.1',2,0,0.00,'WARLOCK'),(185,155,13821510929,'Crota\'s End: Normal',204,'Hezen Vengeance',8,0,0.00,'WARLOCK'),(193,212,15730097455,'Iron Banner: Control',205,'Crimil\'s Dagger',5,4,80.00,'WARLOCK'),(870,212,15728181965,'Iron Banner: Control',205,'Crimil\'s Dagger',3,2,66.67,'TITAN'),(665,212,15730097455,'Iron Banner: Control',206,'Compass Rose',1,0,0.00,'HUNTER'),(986,212,15721208736,'Iron Banner: Control',206,'Compass Rose',3,1,33.33,'WARLOCK'),(193,1,13028758697,'Vanguard Ops',207,'Commemoration',31,8,25.81,'WARLOCK'),(193,270,13940488861,'Grasp of Avarice: Standard',207,'Commemoration',25,7,28.00,'WARLOCK'),(193,212,15730097455,'Iron Banner: Control',207,'Commemoration',3,1,33.33,'WARLOCK'),(255,103,7765294547,'Rumble',207,'Commemoration',2,0,0.00,'TITAN'),(211,196,14851516479,'New Territory',210,'Edge Transit',1,0,0.00,'HUNTER'),(196,1,13028758697,'Vanguard Ops',213,'Judgment of Kelgorath',1,0,0.00,'WARLOCK'),(193,1,13028758697,'Vanguard Ops',214,'The Hero\'s Burden',14,1,7.14,'WARLOCK'),(202,1,13028758697,'Vanguard Ops',217,'Psi Cirrus II',25,9,36.00,'TITAN'),(202,1,13028758697,'Vanguard Ops',218,'Dissonance-34',10,3,30.00,'TITAN'),(193,195,13732064366,'K1 Revelation: Expert',219,'Vex Mythoclast',7,3,42.86,'WARLOCK'),(205,196,14851516479,'New Territory',220,'Scalar Potential',5,3,60.00,'TITAN'),(401,1,15630829085,'Vanguard Ops',220,'Scalar Potential',33,15,45.45,'HUNTER'),(477,360,15705384587,'Control',220,'Scalar Potential',2,2,100.00,'TITAN'),(207,196,14851516479,'New Territory',222,'Drang (Baroque)',1,1,100.00,'TITAN'),(193,196,14851516479,'New Territory',224,'Sola\'s Scar (Adept)',1,0,0.00,'WARLOCK'),(211,196,14851516479,'New Territory',226,'Salvager\'s Salvo',1,0,0.00,'HUNTER'),(211,196,14851516479,'New Territory',227,'Cerberus+1',7,2,28.57,'HUNTER'),(214,196,14851516479,'New Territory',229,'Syncopation-53',9,5,55.56,'TITAN'),(398,103,11993665812,'Rumble',229,'Syncopation-53',11,5,45.45,'HUNTER'),(214,196,14851516479,'New Territory',230,'Tessellation',1,0,0.00,'TITAN'),(214,196,14851516479,'New Territory',231,'Wendigo GL3 (Adept)',2,0,0.00,'TITAN'),(996,103,14209326448,'Rumble',231,'Wendigo GL3 (Adept)',5,0,0.00,'TITAN'),(217,196,14851516479,'New Territory',234,'Le Monarque',1,1,100.00,'HUNTER'),(279,270,13940488861,'Grasp of Avarice: Standard',234,'Le Monarque',22,7,31.82,'WARLOCK'),(217,196,14851516479,'New Territory',235,'Rapacious Appetite',1,0,0.00,'HUNTER'),(969,212,15721208736,'Iron Banner: Control',252,'Scavenger\'s Fate',2,0,0.00,'WARLOCK'),(1016,14,15899171765,'Competitive',252,'Scavenger\'s Fate',2,0,0.00,'TITAN'),(857,212,15728181965,'Iron Banner: Control',254,'Archon\'s Thunder',3,1,33.33,'WARLOCK'),(246,48,15660746963,'Trials of Osiris',261,'Outbreak Perfected',3,1,33.33,'HUNTER'),(476,360,15705384587,'Control',261,'Outbreak Perfected',10,6,60.00,'WARLOCK'),(671,212,15730097455,'Iron Banner: Control',261,'Outbreak Perfected',1,1,100.00,'TITAN'),(246,48,15660746963,'Trials of Osiris',262,'VS Gravitic Arrest',1,0,0.00,'HUNTER'),(870,212,15728181965,'Iron Banner: Control',262,'VS Gravitic Arrest',2,0,0.00,'TITAN'),(1007,14,15899171765,'Competitive',262,'VS Gravitic Arrest',5,0,0.00,'HUNTER'),(248,48,15660746963,'Trials of Osiris',263,'Bygones',7,6,85.71,'TITAN'),(253,48,15660746963,'Trials of Osiris',263,'Bygones',3,3,100.00,'WARLOCK'),(663,212,15730097455,'Iron Banner: Control',263,'Bygones',2,0,0.00,'WARLOCK'),(1007,14,15899171765,'Competitive',263,'Bygones',4,3,75.00,'HUNTER'),(211,270,13940488861,'Grasp of Avarice: Standard',267,'Final Warning',64,5,7.81,'HUNTER'),(211,48,15660746963,'Trials of Osiris',267,'Final Warning',1,0,0.00,'HUNTER'),(255,103,7765294547,'Rumble',270,'Felwinter\'s Lie',7,3,42.86,'TITAN'),(258,103,7765294547,'Rumble',270,'Felwinter\'s Lie',8,1,12.50,'WARLOCK'),(296,103,14666772906,'Rumble',270,'Felwinter\'s Lie',1,0,0.00,'HUNTER'),(296,307,14736409995,'Iron Banner: Tribute',270,'Felwinter\'s Lie',3,0,0.00,'HUNTER'),(296,48,14819535812,'Trials of Osiris',270,'Felwinter\'s Lie',1,0,0.00,'HUNTER'),(296,360,15049131199,'Control',270,'Felwinter\'s Lie',1,0,0.00,'HUNTER'),(385,360,15049131199,'Control',270,'Felwinter\'s Lie',1,0,0.00,'HUNTER'),(255,103,7765294547,'Rumble',271,'Hawkmoon',5,2,40.00,'TITAN'),(296,103,14666772906,'Rumble',271,'Hawkmoon',2,1,50.00,'HUNTER'),(322,307,14736409995,'Iron Banner: Tribute',271,'Hawkmoon',5,4,80.00,'HUNTER'),(398,48,15696954571,'Trials of Osiris',271,'Hawkmoon',4,3,75.00,'HUNTER'),(874,212,15728181965,'Iron Banner: Control',271,'Hawkmoon',3,3,100.00,'TITAN'),(258,103,7765294547,'Rumble',273,'The Steady Hand',5,5,100.00,'WARLOCK'),(669,212,15730097455,'Iron Banner: Control',273,'The Steady Hand',1,1,100.00,'HUNTER'),(979,212,15721208736,'Iron Banner: Control',273,'The Steady Hand',5,3,60.00,'WARLOCK'),(193,103,7765294547,'Rumble',275,'Crimson',4,1,25.00,'WARLOCK'),(350,48,14819535812,'Trials of Osiris',275,'Crimson',2,1,50.00,'TITAN'),(261,103,7765294547,'Rumble',276,'Jötunn',4,0,0.00,'TITAN'),(316,14,13798112249,'Competitive',276,'Jötunn',2,0,0.00,'WARLOCK'),(262,103,7765294547,'Rumble',277,'Encore-25',1,1,100.00,'WARLOCK'),(262,103,7765294547,'Rumble',278,'Botheration Mk.28',1,0,0.00,'WARLOCK'),(265,103,7765294547,'Rumble',280,'Duality',1,0,0.00,'TITAN'),(296,48,14819535812,'Trials of Osiris',280,'Duality',1,0,0.00,'HUNTER'),(330,307,14736409995,'Iron Banner: Tribute',280,'Duality',3,0,0.00,'WARLOCK'),(424,14,14506553141,'Competitive',280,'Duality',2,1,50.00,'TITAN'),(268,257,15654487615,'Class Clash',284,'Chattering Bone',10,7,70.00,'TITAN'),(268,257,15654487615,'Class Clash',286,'Unwavering Duty (Adept)',1,1,100.00,'TITAN'),(272,257,15654487615,'Class Clash',287,'The Riposte',3,1,33.33,'TITAN'),(272,257,15654487615,'Class Clash',288,'Deadlock',1,0,0.00,'TITAN'),(274,257,15654487615,'Class Clash',289,'Zaouli\'s Bane',4,3,75.00,'WARLOCK'),(274,257,15654487615,'Class Clash',290,'The Chaperone',2,1,50.00,'WARLOCK'),(352,48,14819535812,'Trials of Osiris',290,'The Chaperone',2,1,50.00,'HUNTER'),(655,212,15730097455,'Iron Banner: Control',290,'The Chaperone',1,1,100.00,'HUNTER'),(276,257,15654487615,'Class Clash',291,'Gnawing Hunger',5,2,40.00,'WARLOCK'),(277,257,15654487615,'Class Clash',292,'Legato-11',4,2,50.00,'TITAN'),(277,257,15654487615,'Class Clash',293,'Outbreak Perfected',1,1,100.00,'TITAN'),(473,103,11993665812,'Rumble',293,'Outbreak Perfected',2,0,0.00,'HUNTER'),(279,270,13940488861,'Grasp of Avarice: Standard',294,'Epochal Integration',56,27,48.21,'WARLOCK'),(296,381,14913293534,'Prophecy',294,'Epochal Integration',12,6,50.00,'HUNTER'),(279,270,13940488861,'Grasp of Avarice: Standard',298,'Fatebringer',15,1,6.67,'WARLOCK'),(279,270,13940488861,'Grasp of Avarice: Standard',299,'Bequest',37,0,0.00,'WARLOCK'),(279,270,13940488861,'Grasp of Avarice: Standard',300,'Pardon Our Dust',1,0,0.00,'WARLOCK'),(193,270,13940488861,'Grasp of Avarice: Standard',301,'Sunshot',2,0,0.00,'WARLOCK'),(389,360,15049131199,'Control',301,'Sunshot',1,1,100.00,'TITAN'),(193,270,13940488861,'Grasp of Avarice: Standard',302,'Lumina',35,8,22.86,'WARLOCK'),(193,270,13940488861,'Grasp of Avarice: Standard',303,'Truthteller',8,0,0.00,'WARLOCK'),(211,270,13940488861,'Grasp of Avarice: Standard',306,'Warden\'s Law (Adept)',10,1,10.00,'HUNTER'),(211,270,13940488861,'Grasp of Avarice: Standard',308,'Funnelweb',45,9,20.00,'HUNTER'),(466,103,11993665812,'Rumble',308,'Funnelweb',4,0,0.00,'HUNTER'),(404,1,15630829085,'Vanguard Ops',311,'Lost Signal',7,0,0.00,'WARLOCK'),(296,1,14592060714,'Vanguard Ops',318,'Regnant',8,0,0.00,'HUNTER'),(296,381,14913293534,'Prophecy',318,'Regnant',7,0,0.00,'HUNTER'),(302,1,14592060714,'Vanguard Ops',319,'Positive Outlook',33,10,30.30,'HUNTER'),(302,1,14592060714,'Vanguard Ops',320,'Burden of Guilt',4,0,0.00,'HUNTER'),(302,1,14592060714,'Vanguard Ops',321,'Deterministic Chaos',16,3,18.75,'HUNTER'),(305,1,14592060714,'Vanguard Ops',322,'Ex Diris',42,0,0.00,'HUNTER'),(305,1,14592060714,'Vanguard Ops',323,'Rufus\'s Fury',12,3,25.00,'HUNTER'),(296,295,14844331219,'Skydock IV: Master',324,'Elsie\'s Rifle',11,2,18.18,'HUNTER'),(338,307,14736409995,'Iron Banner: Tribute',324,'Elsie\'s Rifle',7,5,71.43,'HUNTER'),(1011,14,15899171765,'Competitive',324,'Elsie\'s Rifle',5,2,40.00,'TITAN'),(296,295,14844331219,'Skydock IV: Master',325,'Leviathan\'s Breath',1,0,0.00,'HUNTER'),(312,14,13798112249,'Competitive',325,'Leviathan\'s Breath',1,1,100.00,'WARLOCK'),(310,14,13798112249,'Competitive',327,'Round Robin',6,2,33.33,'TITAN'),(873,212,15728181965,'Iron Banner: Control',327,'Round Robin',2,2,100.00,'HUNTER'),(995,48,16009407682,'Trials of Osiris',327,'Round Robin',1,0,0.00,'HUNTER'),(312,14,13798112249,'Competitive',329,'Austringer',8,3,37.50,'WARLOCK'),(319,307,14736409995,'Iron Banner: Tribute',329,'Austringer',4,3,75.00,'HUNTER'),(936,910,11156226323,'Iron Banner: Rift',329,'Austringer',1,1,100.00,'TITAN'),(296,14,13798112249,'Competitive',331,'Kept Confidence',4,1,25.00,'HUNTER'),(296,286,14266373536,'Last Wish: Standard',331,'Kept Confidence',5,1,20.00,'HUNTER'),(953,14,13711242345,'Competitive',331,'Kept Confidence',7,5,71.43,'HUNTER'),(957,14,13711242345,'Competitive',331,'Kept Confidence',6,5,83.33,'HUNTER'),(296,14,13798112249,'Competitive',332,'Explosive Personality',1,0,0.00,'HUNTER'),(316,14,13798112249,'Competitive',333,'Malediction',2,0,0.00,'WARLOCK'),(318,14,13798112249,'Competitive',335,'Dead Man\'s Tale',4,3,75.00,'WARLOCK'),(384,360,15049131199,'Control',335,'Dead Man\'s Tale',3,2,66.67,'HUNTER'),(319,307,14736409995,'Iron Banner: Tribute',338,'Blast Battue',2,0,0.00,'HUNTER'),(322,307,14736409995,'Iron Banner: Tribute',340,'The Hothead',1,0,0.00,'HUNTER'),(322,307,14736409995,'Iron Banner: Tribute',341,'The Recluse',1,0,0.00,'HUNTER'),(916,1,14902447487,'Vanguard Ops',341,'The Recluse',4,1,25.00,'TITAN'),(296,307,14736409995,'Iron Banner: Tribute',342,'Lethal Abundance',12,7,58.33,'HUNTER'),(296,307,14736409995,'Iron Banner: Tribute',344,'Hammerhead',2,1,50.00,'HUNTER'),(477,360,15705384587,'Control',344,'Hammerhead',4,2,50.00,'TITAN'),(652,212,15730097455,'Iron Banner: Control',344,'Hammerhead',2,2,100.00,'TITAN'),(859,212,15728181965,'Iron Banner: Control',344,'Hammerhead',1,1,100.00,'TITAN'),(969,212,15721208736,'Iron Banner: Control',344,'Hammerhead',1,0,0.00,'WARLOCK'),(1011,14,15899171765,'Competitive',344,'Hammerhead',3,2,66.67,'TITAN'),(328,307,14736409995,'Iron Banner: Tribute',345,'Warden\'s Law',10,5,50.00,'HUNTER'),(328,307,14736409995,'Iron Banner: Tribute',346,'A Sudden Death',4,1,25.00,'HUNTER'),(330,307,14736409995,'Iron Banner: Tribute',347,'Seventh Seraph Carbine',6,2,33.33,'WARLOCK'),(330,307,14736409995,'Iron Banner: Tribute',349,'Cry Mutiny',1,0,0.00,'WARLOCK'),(333,307,14736409995,'Iron Banner: Tribute',350,'Midnight Coup',4,1,25.00,'WARLOCK'),(333,307,14736409995,'Iron Banner: Tribute',351,'Roar of the Bear',1,0,0.00,'WARLOCK'),(335,307,14736409995,'Iron Banner: Tribute',351,'Roar of the Bear',2,0,0.00,'WARLOCK'),(335,307,14736409995,'Iron Banner: Tribute',354,'Erentil FR4',5,0,0.00,'WARLOCK'),(340,307,14736409995,'Iron Banner: Tribute',357,'Luna\'s Howl',15,10,66.67,'HUNTER'),(342,307,14736409995,'Iron Banner: Tribute',359,'Multimach CCX',1,0,0.00,'WARLOCK'),(861,212,15728181965,'Iron Banner: Control',359,'Multimach CCX',9,8,88.89,'TITAN'),(343,307,14736409995,'Iron Banner: Tribute',361,'Imperial Decree',2,0,0.00,'HUNTER'),(348,307,14736409995,'Iron Banner: Tribute',361,'Imperial Decree',1,0,0.00,'WARLOCK'),(346,307,14736409995,'Iron Banner: Tribute',363,'Glissando-47',10,8,80.00,'HUNTER'),(346,307,14736409995,'Iron Banner: Tribute',364,'Punching Out',4,0,0.00,'HUNTER'),(348,307,14736409995,'Iron Banner: Tribute',366,'Centrifuse',1,1,100.00,'WARLOCK'),(352,48,14819535812,'Trials of Osiris',369,'The Summoner',5,5,100.00,'HUNTER'),(356,48,14819535812,'Trials of Osiris',373,'Luna\'s Howl',1,0,0.00,'WARLOCK'),(296,48,14819535812,'Trials of Osiris',374,'Relentless',1,1,100.00,'HUNTER'),(427,14,14506553141,'Competitive',374,'Relentless',4,2,50.00,'WARLOCK'),(362,103,14666772906,'Rumble',379,'Traveler\'s Chosen',15,3,20.00,'WARLOCK'),(362,103,14666772906,'Rumble',380,'Harsh Language',4,0,0.00,'WARLOCK'),(364,103,14666772906,'Rumble',381,'Beloved',1,1,100.00,'HUNTER'),(944,910,11156226323,'Iron Banner: Rift',381,'Beloved',1,1,100.00,'HUNTER'),(999,103,14209326448,'Rumble',381,'Beloved',3,3,100.00,'TITAN'),(1002,103,14209326448,'Rumble',381,'Beloved',2,2,100.00,'HUNTER'),(364,103,14666772906,'Rumble',383,'Memory Interdict',2,0,0.00,'HUNTER'),(367,103,14666772906,'Rumble',384,'Nation of Beasts',8,5,62.50,'WARLOCK'),(374,360,15049131199,'Control',391,'Prosecutor',4,2,50.00,'TITAN'),(379,360,15049131199,'Control',396,'Song of Ir Yût',8,2,25.00,'TITAN'),(379,360,15049131199,'Control',398,'Found Verdict',1,0,0.00,'TITAN'),(382,360,15049131199,'Control',399,'Piece of Mind',8,2,25.00,'HUNTER'),(417,14,14506553141,'Competitive',399,'Piece of Mind',1,0,0.00,'TITAN'),(382,360,15049131199,'Control',400,'Ded Gramarye IV',1,0,0.00,'HUNTER'),(388,360,15049131199,'Control',405,'Staccato-46',2,0,0.00,'HUNTER'),(389,360,15049131199,'Control',407,'Old Sterling',1,1,100.00,'TITAN'),(391,360,15049131199,'Control',407,'Old Sterling',3,3,100.00,'WARLOCK'),(296,381,14913293534,'Prophecy',411,'Forerunner',38,33,86.84,'HUNTER'),(401,1,15630829085,'Vanguard Ops',420,'Hullabaloo',27,0,0.00,'HUNTER'),(401,1,15630829085,'Vanguard Ops',421,'The Call',4,2,50.00,'HUNTER'),(398,1,15630829085,'Vanguard Ops',422,'Timeworn Wayfarer',36,11,30.56,'HUNTER'),(404,1,15630829085,'Vanguard Ops',422,'Timeworn Wayfarer',33,13,39.39,'WARLOCK'),(404,1,15630829085,'Vanguard Ops',423,'Perfect Pitch',17,4,23.53,'WARLOCK'),(398,1,15630829085,'Vanguard Ops',428,'The Mountaintop',2,0,0.00,'HUNTER'),(916,1,14902447487,'Vanguard Ops',428,'The Mountaintop',7,0,0.00,'TITAN'),(411,1,15630829085,'Vanguard Ops',429,'Corrasion',3,1,33.33,'TITAN'),(398,397,15564127100,'The Conflux: Expert',431,'Still Hunt',1,0,0.00,'HUNTER'),(415,14,14506553141,'Competitive',433,'No Time to Explain',2,1,50.00,'WARLOCK'),(907,910,11156226323,'Iron Banner: Rift',433,'No Time to Explain',2,1,50.00,'WARLOCK'),(939,910,11156226323,'Iron Banner: Rift',433,'No Time to Explain',1,1,100.00,'HUNTER'),(944,910,11156226323,'Iron Banner: Rift',433,'No Time to Explain',5,3,60.00,'HUNTER'),(398,14,14506553141,'Competitive',441,'Corrective Measure',4,1,25.00,'HUNTER'),(424,14,14506553141,'Competitive',443,'Adjudicator',7,3,42.86,'TITAN'),(972,212,15721208736,'Iron Banner: Control',455,'Prophet of Doom',1,0,0.00,'HUNTER'),(977,212,15721208736,'Iron Banner: Control',455,'Prophet of Doom',1,0,0.00,'TITAN'),(655,212,15730097455,'Iron Banner: Control',457,'Hammerhead',3,1,33.33,'HUNTER'),(864,212,15728181965,'Iron Banner: Control',457,'Hammerhead',1,0,0.00,'WARLOCK'),(977,212,15721208736,'Iron Banner: Control',458,'Aisha\'s Care (Adept)',2,1,50.00,'TITAN'),(1027,286,12612852967,'Last Wish: Standard',466,'Two-Tailed Fox',47,0,0.00,'HUNTER'),(460,48,15696954571,'Trials of Osiris',478,'Cold Denial',5,3,60.00,'HUNTER'),(460,48,15696954571,'Trials of Osiris',479,'PLUG ONE.1 (Adept)',1,0,0.00,'HUNTER'),(462,103,11993665812,'Rumble',481,'Rose',10,5,50.00,'HUNTER'),(471,103,11993665812,'Rumble',490,'Adored',2,2,100.00,'HUNTER'),(474,103,11993665812,'Rumble',492,'Redrix\'s Broadsword',1,1,100.00,'WARLOCK'),(474,103,11993665812,'Rumble',493,'Python',1,1,100.00,'WARLOCK'),(477,360,15705384587,'Control',495,'Phyllotactic Spiral',1,1,100.00,'TITAN'),(477,360,15705384587,'Control',498,'Rake Angle',2,0,0.00,'TITAN'),(655,212,15730097455,'Iron Banner: Control',683,'The Palindrome (Adept)',1,0,0.00,'HUNTER'),(659,212,15730097455,'Iron Banner: Control',687,'Horror\'s Least',2,1,50.00,'HUNTER'),(659,212,15730097455,'Iron Banner: Control',688,'Rat King',2,1,50.00,'HUNTER'),(661,212,15730097455,'Iron Banner: Control',689,'Glacioclasm',3,0,0.00,'WARLOCK'),(665,212,15730097455,'Iron Banner: Control',694,'MIDA Multi-Tool',1,0,0.00,'HUNTER'),(667,212,15730097455,'Iron Banner: Control',695,'The Prophet',1,1,100.00,'HUNTER'),(667,212,15730097455,'Iron Banner: Control',696,'Telesto',1,0,0.00,'HUNTER'),(953,212,15721208736,'Iron Banner: Control',696,'Telesto',3,0,0.00,'HUNTER'),(669,212,15730097455,'Iron Banner: Control',697,'Multimach CCX',2,1,50.00,'HUNTER'),(857,212,15728181965,'Iron Banner: Control',890,'Gridskipper',2,2,100.00,'WARLOCK'),(859,212,15728181965,'Iron Banner: Control',892,'Crisis Inverted',8,8,100.00,'TITAN'),(861,212,15728181965,'Iron Banner: Control',896,'Hammerhead',1,1,100.00,'TITAN'),(864,212,15728181965,'Iron Banner: Control',897,'Chroma Rush',2,1,50.00,'WARLOCK'),(953,212,15721208736,'Iron Banner: Control',897,'Chroma Rush',6,2,33.33,'HUNTER'),(872,212,15728181965,'Iron Banner: Control',905,'Wolftone Draw',1,1,100.00,'HUNTER'),(874,212,15728181965,'Iron Banner: Control',908,'Cartesian Coordinate',1,0,0.00,'TITAN'),(876,212,15728181965,'Iron Banner: Control',909,'Found Verdict (Timelost)',1,0,0.00,'HUNTER'),(957,14,13711242345,'Competitive',909,'Found Verdict (Timelost)',1,0,0.00,'HUNTER'),(907,1,14902447487,'Vanguard Ops',951,'Touch of Malice',98,44,44.90,'WARLOCK'),(907,1,14902447487,'Vanguard Ops',952,'Deafening Whisper',2,0,0.00,'WARLOCK'),(907,1,14902447487,'Vanguard Ops',953,'Corrective Measure (Timelost)',19,9,47.37,'WARLOCK'),(907,900,15628019950,'Metamorphosis: Expert',953,'Corrective Measure (Timelost)',5,0,0.00,'WARLOCK'),(913,1,14902447487,'Vanguard Ops',954,'Trinity Ghoul',34,4,11.76,'WARLOCK'),(913,1,14902447487,'Vanguard Ops',955,'Bump in the Night',18,0,0.00,'WARLOCK'),(916,1,14902447487,'Vanguard Ops',958,'Avalanche',56,13,23.21,'TITAN'),(907,900,15628019950,'Metamorphosis: Expert',972,'Ice Breaker',2,1,50.00,'WARLOCK'),(907,902,4727663635,'Survival',974,'Gahlran\'s Right Hand',3,2,66.67,'WARLOCK'),(907,902,4727663635,'Survival',975,'Eriana\'s Vow',2,1,50.00,'WARLOCK'),(933,902,4727663635,'Survival',976,'Mindbender\'s Ambition',6,1,16.67,'HUNTER'),(933,902,4727663635,'Survival',977,'Spare Rations',4,4,100.00,'HUNTER'),(940,910,11156226323,'Iron Banner: Rift',986,'Bite of the Fox',2,2,100.00,'WARLOCK'),(942,910,11156226323,'Iron Banner: Rift',988,'Better Devils',5,1,20.00,'TITAN'),(942,910,11156226323,'Iron Banner: Rift',989,'Lorentz Driver',2,2,100.00,'TITAN'),(953,926,14173743104,'Concealed Void: Expert',1007,'Albedo Wing',12,0,0.00,'HUNTER'),(963,14,13711242345,'Competitive',1017,'Point of the Stag',3,3,100.00,'HUNTER'),(965,14,13711242345,'Competitive',1018,'Spare Rations',2,1,50.00,'WARLOCK'),(969,212,15721208736,'Iron Banner: Control',1022,'Dead Man\'s Tale',7,6,85.71,'WARLOCK'),(972,212,15721208736,'Iron Banner: Control',1025,'Stay Frosty',2,2,100.00,'HUNTER'),(979,212,15721208736,'Iron Banner: Control',1034,'Gunnora\'s Axe',1,1,100.00,'WARLOCK'),(982,212,15721208736,'Iron Banner: Control',1035,'BrayTech Werewolf',1,0,0.00,'TITAN'),(983,212,15721208736,'Iron Banner: Control',1036,'Frontier\'s Cry',5,4,80.00,'TITAN'),(985,212,15721208736,'Iron Banner: Control',1038,'Jurassic Green',2,1,50.00,'TITAN'),(987,212,15721208736,'Iron Banner: Control',1041,'Seventh Seraph CQC-12',1,0,0.00,'TITAN'),(990,48,16009407682,'Trials of Osiris',1043,'Yesterday\'s Question (Adept)',2,1,50.00,'HUNTER'),(953,14,15899171765,'Competitive',1046,'Redrix\'s Estoc',9,6,66.67,'HUNTER'),(992,48,16009407682,'Trials of Osiris',1046,'Redrix\'s Estoc',3,2,66.67,'HUNTER'),(1016,14,15899171765,'Competitive',1046,'Redrix\'s Estoc',7,4,57.14,'TITAN'),(994,48,16009407682,'Trials of Osiris',1047,'Vengeful Whisper',2,1,50.00,'HUNTER'),(996,103,14209326448,'Rumble',1049,'Mechabre',4,2,50.00,'TITAN'),(999,103,14209326448,'Rumble',1052,'Incisor (Adept)',4,1,25.00,'TITAN'),(953,103,14209326448,'Rumble',1058,'Wish-Keeper',5,4,80.00,'HUNTER');
/*!40000 ALTER TABLE `Activity_Stats` ENABLE KEYS */;
UNLOCK TABLES;

--
-- Table structure for table `Armor`
--

DROP TABLE IF EXISTS `Armor`;
/*!40101 SET @saved_cs_client     = @@character_set_client */;
/*!50503 SET character_set_client = utf8mb4 */;
CREATE TABLE `Armor` (
  `armor_id` int NOT NULL AUTO_INCREMENT,
  `bng_armor_id` bigint unsigned NOT NULL,
  `armor_name` varchar(255) COLLATE utf8mb4_unicode_ci NOT NULL,
  `slot` enum('HELMET','GAUNTLETS','CHEST','BOOTS','CLASS_ITEM') COLLATE utf8mb4_unicode_ci NOT NULL DEFAULT 'CLASS_ITEM',
  `rarity` enum('COMMON','UNCOMMON','RARE','LEGENDARY','EXOTIC') COLLATE utf8mb4_unicode_ci NOT NULL DEFAULT 'COMMON',
  PRIMARY KEY (`armor_id`),
  UNIQUE KEY `Armor_bng_armor_id_key` (`bng_armor_id`)
) ENGINE=InnoDB AUTO_INCREMENT=178 DEFAULT CHARSET=utf8mb4 COLLATE=utf8mb4_unicode_ci;
/*!40101 SET character_set_client = @saved_cs_client */;

--
-- Dumping data for table `Armor`
--

LOCK TABLES `Armor` WRITE;
/*!40000 ALTER TABLE `Armor` DISABLE KEYS */;
INSERT INTO `Armor` VALUES (1,4047213660,'Deep Explorer Mask','HELMET','LEGENDARY'),(2,1148597205,'Deep Explorer Grasps','GAUNTLETS','LEGENDARY'),(3,461841403,'Gyrfalcon\'s Hauberk','CHEST','EXOTIC'),(4,2724719415,'Deep Explorer Strides','BOOTS','LEGENDARY'),(5,2797334754,'Deep Explorer Cloak','CLASS_ITEM','LEGENDARY'),(6,251310542,'Wild Hunt Hood','HELMET','LEGENDARY'),(7,119228495,'Tusked Allegiance Gloves','GAUNTLETS','LEGENDARY'),(8,720656969,'Yuga Sundown Robes','CHEST','LEGENDARY'),(9,2247299560,'Iron Forerunner Boots','BOOTS','LEGENDARY'),(10,2273643087,'Solipsism','CLASS_ITEM','EXOTIC'),(11,1059446290,'Warmind\'s Avatar Helm','HELMET','LEGENDARY'),(12,1734844650,'Ashen Wake','GAUNTLETS','EXOTIC'),(13,438108034,'Tusked Allegiance Plate','CHEST','LEGENDARY'),(14,3862185275,'Iron Forerunner Greaves','BOOTS','LEGENDARY'),(15,249698875,'Ere the End','CLASS_ITEM','LEGENDARY'),(31,2643850526,'Hood of the Taken King','HELMET','LEGENDARY'),(32,3260781446,'Deep Explorer Gloves','GAUNTLETS','LEGENDARY'),(33,2057955626,'Deep Explorer Vestments','CHEST','LEGENDARY'),(34,138282166,'Transversive Steps','BOOTS','EXOTIC'),(35,2341879253,'TM-Moss Custom Bond','CLASS_ITEM','LEGENDARY'),(36,4079117607,'Wild Hunt Mask','HELMET','LEGENDARY'),(37,4165919945,'Liar\'s Handshake','GAUNTLETS','EXOTIC'),(38,2509940440,'Iron Will Vest','CHEST','LEGENDARY'),(39,1264765761,'Legacy\'s Oath Strides','BOOTS','LEGENDARY'),(40,4210833117,'Memory of Cayde Cloak','CLASS_ITEM','LEGENDARY'),(41,527342912,'Eidolon Pursuant Helm','HELMET','LEGENDARY'),(42,187431790,'Tusked Allegiance Gauntlets','GAUNTLETS','LEGENDARY'),(43,1591207519,'Crest of Alpha Lupi','CHEST','EXOTIC'),(44,2270509928,'Tusked Allegiance Greaves','BOOTS','LEGENDARY'),(45,1648675919,'Binary Phoenix Mark','CLASS_ITEM','LEGENDARY'),(46,3075372781,'Flowing Cowl (CODA)','HELMET','LEGENDARY'),(47,4144240158,'Tusked Allegiance Vest','CHEST','LEGENDARY'),(48,120441703,'Pyrrhic Ascent Strides','BOOTS','LEGENDARY'),(49,2809120022,'Relativism','CLASS_ITEM','EXOTIC'),(50,3311198527,'Praefectus Cover','HELMET','LEGENDARY'),(51,3259193988,'Osmiomancy Gloves','GAUNTLETS','EXOTIC'),(52,2166974634,'Praefectus Robes','CHEST','LEGENDARY'),(53,674876967,'Holdfast Boots','BOOTS','LEGENDARY'),(54,1362709750,'Celestine Bond (Magnificent)','CLASS_ITEM','LEGENDARY'),(55,1214477175,'Holdfast Helm','HELMET','LEGENDARY'),(56,2771648715,'Descending Echo Gauntlets','GAUNTLETS','LEGENDARY'),(57,412014143,'Praefectus Plate','CHEST','LEGENDARY'),(58,3539357319,'Peacekeepers','BOOTS','EXOTIC'),(59,1659172686,'Praefectus Mark','CLASS_ITEM','LEGENDARY'),(60,648266032,'Warmind\'s Avatar Mask','HELMET','LEGENDARY'),(61,3239215026,'Icarus Drifter Grips','GAUNTLETS','LEGENDARY'),(62,1458739906,'Wild Hunt Vest','CHEST','LEGENDARY'),(63,193869522,'Lucky Pants','BOOTS','EXOTIC'),(64,2486733914,'Twisting Echo Cloak','CLASS_ITEM','LEGENDARY'),(65,2339155434,'Tesseract Trace IV','HELMET','LEGENDARY'),(66,2443609020,'Seventh Seraph Gloves','GAUNTLETS','LEGENDARY'),(67,4057299719,'Phoenix Protocol','CHEST','EXOTIC'),(68,2055947316,'Wild Hunt Bond','CLASS_ITEM','LEGENDARY'),(69,3976073347,'Crushing Helm (CODA)','HELMET','LEGENDARY'),(70,241462142,'Synthoceps','GAUNTLETS','EXOTIC'),(71,3005056146,'Wyrmguard Chestplate','CHEST','LEGENDARY'),(72,386385208,'Wyrmguard Greaves','BOOTS','LEGENDARY'),(73,3207244009,'Mark of the Unassailable','CLASS_ITEM','LEGENDARY'),(136,2470746631,'Thorium Holt Hood','HELMET','LEGENDARY'),(137,3326914239,'Deep Explorer Hood','HELMET','LEGENDARY'),(138,3234692237,'Briarbinds','GAUNTLETS','EXOTIC'),(140,2819810688,'Deep Explorer Boots','BOOTS','LEGENDARY'),(141,2694773307,'Deep Explorer Bond','CLASS_ITEM','LEGENDARY'),(142,3270955774,'Deep Explorer Helmet','HELMET','LEGENDARY'),(143,2499351855,'Deep Explorer Gauntlets','GAUNTLETS','LEGENDARY'),(144,1909305643,'Hazardous Propulsion','CHEST','EXOTIC'),(145,2649394513,'Deep Explorer Greaves','BOOTS','LEGENDARY'),(146,3161483583,'Mark of Contests','CLASS_ITEM','LEGENDARY'),(149,1627691271,'Gifted Conviction','CHEST','EXOTIC'),(157,682107058,'Iron Truage Helm','HELMET','LEGENDARY'),(158,2798065170,'Veritas Gauntlets','GAUNTLETS','LEGENDARY'),(159,2321120637,'Cuirass of the Falling Star','CHEST','EXOTIC'),(163,2744480004,'Twisting Echo Mask','HELMET','LEGENDARY'),(164,2308793821,'Twisting Echo Grips','GAUNTLETS','LEGENDARY'),(165,3013248110,'Wyrmguard Tunic','CHEST','LEGENDARY'),(166,2251614491,'Iron Truage Boots','BOOTS','LEGENDARY'),(170,2570653206,'Crushing Plate (CODA)','CHEST','LEGENDARY'),(171,2351264197,'Deep Explorer Greaves','BOOTS','LEGENDARY'),(172,3500810712,'Descending Echo Mark','CLASS_ITEM','LEGENDARY'),(173,3562696927,'Wormhusk Crown','HELMET','EXOTIC'),(174,1834245236,'Ketchkiller\'s Grips','GAUNTLETS','LEGENDARY'),(175,4224643669,'Seventh Seraph Vest','CHEST','LEGENDARY'),(176,2990500972,'Thunderhead Strides','BOOTS','LEGENDARY'),(177,3473867303,'Tusked Allegiance Cloak','CLASS_ITEM','LEGENDARY');
/*!40000 ALTER TABLE `Armor` ENABLE KEYS */;
UNLOCK TABLES;

--
-- Table structure for table `Character`
--

DROP TABLE IF EXISTS `Character`;
/*!40101 SET @saved_cs_client     = @@character_set_client */;
/*!50503 SET character_set_client = utf8mb4 */;
CREATE TABLE `Character` (
  `character_id` int NOT NULL AUTO_INCREMENT,
  `bng_character_id` bigint unsigned NOT NULL,
  `class` enum('HUNTER','WARLOCK','TITAN') COLLATE utf8mb4_unicode_ci NOT NULL DEFAULT 'HUNTER',
  `player_id` int NOT NULL,
  `date_last_played` datetime(3) DEFAULT CURRENT_TIMESTAMP(3),
  PRIMARY KEY (`character_id`),
  UNIQUE KEY `Character_bng_character_id_key` (`bng_character_id`),
  KEY `Character_player_id_fkey` (`player_id`),
  CONSTRAINT `Character_player_id_fkey` FOREIGN KEY (`player_id`) REFERENCES `Player` (`player_id`) ON DELETE RESTRICT ON UPDATE CASCADE
) ENGINE=InnoDB AUTO_INCREMENT=1036 DEFAULT CHARSET=utf8mb4 COLLATE=utf8mb4_unicode_ci;
/*!40101 SET character_set_client = @saved_cs_client */;

--
-- Dumping data for table `Character`
--

LOCK TABLES `Character` WRITE;
/*!40000 ALTER TABLE `Character` DISABLE KEYS */;
INSERT INTO `Character` VALUES (1,2305843009269691068,'HUNTER',1,'2024-10-10 00:00:00.000'),(2,2305843009554506624,'WARLOCK',1,'2024-09-11 00:00:00.000'),(3,2305843009570716871,'TITAN',1,'2024-09-11 00:00:00.000'),(6,2305843009299110423,'WARLOCK',4,'2024-12-01 00:00:00.000'),(11,2305843009300936002,'WARLOCK',9,'2024-06-01 00:00:00.000'),(17,2305843009261379761,'HUNTER',15,'2024-12-01 00:00:00.000'),(21,2305843009283857065,'HUNTER',19,'2024-12-01 00:00:00.000'),(23,2305843009295266417,'WARLOCK',21,'2024-10-13 00:00:00.000'),(24,2305843009360334574,'HUNTER',22,'2024-12-01 00:00:00.000'),(26,2305843010373024316,'TITAN',24,'2024-11-30 00:00:00.000'),(29,2305843009260512975,'WARLOCK',27,'2024-11-30 00:00:00.000'),(31,2305843009263484154,'WARLOCK',29,'2024-11-28 00:00:00.000'),(33,2305843009289634025,'TITAN',31,'2023-10-19 00:00:00.000'),(34,2305843009263418821,'TITAN',32,'2024-11-30 00:00:00.000'),(35,2305843009452034852,'TITAN',33,'2024-11-22 00:00:00.000'),(37,2305843009738255348,'TITAN',35,'2024-11-30 00:00:00.000'),(39,2305843009263555347,'WARLOCK',37,'2024-11-24 00:00:00.000'),(42,2305843009269995140,'TITAN',40,'2024-12-01 00:00:00.000'),(44,2305843009451425069,'TITAN',42,'2024-11-30 00:00:00.000'),(47,2305843009535386168,'HUNTER',45,'2024-12-01 00:00:00.000'),(50,2305843009285259025,'TITAN',48,'2024-12-01 00:00:00.000'),(105,2305843009269820206,'WARLOCK',99,'2024-09-08 00:00:00.000'),(106,2305843009300424365,'HUNTER',100,'2024-12-01 00:00:00.000'),(108,2305843009569466840,'HUNTER',102,'2024-12-01 00:00:00.000'),(109,2305843009269042161,'HUNTER',103,'2024-11-23 00:00:00.000'),(114,2305843009265175853,'WARLOCK',108,'2024-04-15 00:00:00.000'),(116,2305843009358803984,'HUNTER',110,'2024-11-28 00:00:00.000'),(119,2305843010533084199,'WARLOCK',113,'2024-07-23 00:00:00.000'),(120,2305843009261893939,'TITAN',114,'2024-12-01 00:00:00.000'),(122,2305843009265016561,'TITAN',116,'2024-11-28 00:00:00.000'),(124,2305843009261341751,'TITAN',118,'2024-11-30 00:00:00.000'),(128,2305843009262212445,'WARLOCK',122,'2024-12-01 00:00:00.000'),(129,2305843009263525089,'WARLOCK',123,'2023-12-20 00:00:00.000'),(132,2305843010488664380,'HUNTER',125,'2024-06-01 00:00:00.000'),(133,2305843010056544185,'WARLOCK',126,'2024-11-27 00:00:00.000'),(134,2305843009343255028,'TITAN',127,'2024-11-28 00:00:00.000'),(136,2305843009261659767,'TITAN',128,'2024-11-28 00:00:00.000'),(165,2305843009269663537,'HUNTER',157,'2024-06-10 00:00:00.000'),(182,2305843009269995139,'HUNTER',40,'2024-12-01 00:00:00.000'),(185,2305843009378617167,'WARLOCK',177,'2024-08-07 00:00:00.000'),(193,2305843009677265696,'WARLOCK',185,'2024-12-01 00:00:00.000'),(194,2305843009708614445,'HUNTER',185,'2024-11-26 00:00:00.000'),(195,2305843009708614446,'TITAN',185,'2024-11-28 00:00:00.000'),(196,2305843009261929047,'WARLOCK',186,'2024-03-10 00:00:00.000'),(202,2305843010371514400,'TITAN',192,'2023-05-01 00:00:00.000'),(205,2305843009260528197,'TITAN',195,'2024-07-26 00:00:00.000'),(207,2305843009362374686,'TITAN',197,'2024-11-29 00:00:00.000'),(211,2305843009679535666,'HUNTER',201,'2024-11-30 00:00:00.000'),(214,2305843009707024329,'TITAN',204,'2024-11-26 00:00:00.000'),(217,2305843009872904471,'HUNTER',207,'2024-09-20 00:00:00.000'),(221,2305843009264765339,'TITAN',211,'2024-12-01 00:00:00.000'),(224,2305843009736625253,'TITAN',214,'2024-12-01 00:00:00.000'),(227,2305843009832594237,'TITAN',217,'2024-12-01 00:00:00.000'),(231,2305843009619905190,'TITAN',221,'2024-12-01 00:00:00.000'),(232,2305843009285517550,'TITAN',222,'2024-12-01 00:00:00.000'),(234,2305843009266681057,'HUNTER',224,'2024-12-01 00:00:00.000'),(236,2305843009260350569,'WARLOCK',226,'2024-12-01 00:00:00.000'),(237,2305843010614034595,'HUNTER',227,'2024-12-01 00:00:00.000'),(240,2305843009979494410,'HUNTER',230,'2024-12-01 00:00:00.000'),(242,2305843009261798329,'HUNTER',232,'2024-12-01 00:00:00.000'),(244,2305843009260399098,'WARLOCK',234,'2024-12-01 00:00:00.000'),(246,2305843009260413799,'HUNTER',236,'2024-11-30 00:00:00.000'),(248,2305843009293875980,'TITAN',238,'2024-11-28 00:00:00.000'),(253,2305843009930725016,'WARLOCK',243,'2024-11-26 00:00:00.000'),(255,2305843009337355860,'TITAN',245,'2024-11-18 00:00:00.000'),(258,2305843009262649170,'WARLOCK',248,'2022-09-26 00:00:00.000'),(261,2305843009422764427,'TITAN',251,'2024-11-27 00:00:00.000'),(262,2305843009754806288,'WARLOCK',252,'2023-12-26 00:00:00.000'),(265,2305843009678565778,'TITAN',255,'2024-11-26 00:00:00.000'),(268,2305843009294098407,'TITAN',258,'2024-12-01 00:00:00.000'),(272,2305843009358065451,'TITAN',262,'2024-11-28 00:00:00.000'),(274,2305843009707924177,'WARLOCK',264,'2024-12-01 00:00:00.000'),(276,2305843009270464513,'WARLOCK',266,'2024-11-30 00:00:00.000'),(277,2305843009305157094,'TITAN',267,'2024-11-28 00:00:00.000'),(279,2305843009675395856,'WARLOCK',204,'2024-11-28 00:00:00.000'),(296,2305843009831885839,'HUNTER',286,'2024-10-16 00:00:00.000'),(297,2305843009923174270,'WARLOCK',286,'2024-10-13 00:00:00.000'),(298,2305843009925534050,'TITAN',286,'2024-10-16 00:00:00.000'),(302,2305843009640085135,'HUNTER',290,'2024-10-20 00:00:00.000'),(305,2305843009261521391,'HUNTER',293,'2024-09-22 00:00:00.000'),(309,2305843010141854323,'TITAN',297,'2024-11-14 00:00:00.000'),(310,2305843009317514064,'TITAN',298,'2024-11-30 00:00:00.000'),(312,2305843009283854349,'WARLOCK',300,'2024-12-01 00:00:00.000'),(316,2305843009504585008,'WARLOCK',304,'2024-05-28 00:00:00.000'),(318,2305843009590964044,'WARLOCK',306,'2024-07-08 00:00:00.000'),(319,2305843009284186816,'HUNTER',307,'2024-07-08 00:00:00.000'),(322,2305843009410324348,'HUNTER',310,'2024-11-03 00:00:00.000'),(328,2305843010144874573,'HUNTER',316,'2024-10-19 00:00:00.000'),(330,2305843010107974499,'WARLOCK',318,'2024-06-07 00:00:00.000'),(333,2305843009310785785,'WARLOCK',321,'2024-11-29 00:00:00.000'),(335,2305843009365264811,'WARLOCK',323,'2024-07-19 00:00:00.000'),(338,2305843009267910203,'HUNTER',326,'2024-11-25 00:00:00.000'),(340,2305843009306704448,'HUNTER',328,'2024-09-04 00:00:00.000'),(342,2305843009705824704,'WARLOCK',330,'2024-09-06 00:00:00.000'),(343,2305843009363404939,'HUNTER',331,'2024-07-16 00:00:00.000'),(346,2305843009339254695,'HUNTER',334,'2024-11-19 00:00:00.000'),(348,2305843009931544435,'WARLOCK',336,'2024-11-20 00:00:00.000'),(350,2305843009290526605,'TITAN',338,'2024-11-09 00:00:00.000'),(352,2305843009396032558,'HUNTER',340,'2024-11-30 00:00:00.000'),(354,2305843009503034938,'HUNTER',342,'2024-05-27 00:00:00.000'),(356,2305843009669644302,'WARLOCK',344,'2024-06-04 00:00:00.000'),(361,2305843010310144263,'WARLOCK',349,'2024-11-30 00:00:00.000'),(362,2305843009775714099,'WARLOCK',350,'2024-10-26 00:00:00.000'),(364,2305843009752705432,'HUNTER',352,'2024-11-29 00:00:00.000'),(367,2305843009272948895,'WARLOCK',355,'2024-09-07 00:00:00.000'),(371,2305843009959074034,'WARLOCK',359,'2024-06-10 00:00:00.000'),(374,2305843009328944351,'TITAN',362,'2024-10-12 00:00:00.000'),(376,2305843009270402707,'WARLOCK',364,'2024-10-21 00:00:00.000'),(378,2305843010068174214,'TITAN',366,'2024-06-27 00:00:00.000'),(379,2305843009283534437,'TITAN',367,'2024-06-18 00:00:00.000'),(382,2305843009405341139,'HUNTER',370,'2024-11-07 00:00:00.000'),(384,2305843009262789166,'HUNTER',372,'2024-07-22 00:00:00.000'),(385,2305843009284146811,'HUNTER',373,'2024-09-24 00:00:00.000'),(387,2305843009459944257,'TITAN',375,'2024-07-20 00:00:00.000'),(388,2305843010613074459,'HUNTER',376,'2024-06-23 00:00:00.000'),(389,2305843009377647581,'TITAN',377,'2024-06-25 00:00:00.000'),(391,2305843009489224643,'WARLOCK',379,'2024-08-22 00:00:00.000'),(398,2305843009386634741,'HUNTER',386,'2024-11-30 00:00:00.000'),(399,2305843009400115756,'WARLOCK',386,'2024-07-20 00:00:00.000'),(400,2305843009400735568,'TITAN',386,'2024-04-15 00:00:00.000'),(401,2305843009260389353,'HUNTER',387,'2024-11-27 00:00:00.000'),(404,2305843009762464029,'WARLOCK',390,'2024-11-14 00:00:00.000'),(411,2305843009425675882,'TITAN',397,'2024-11-26 00:00:00.000'),(415,2305843009295039204,'WARLOCK',401,'2024-11-28 00:00:00.000'),(417,2305843009301597124,'TITAN',403,'2024-11-30 00:00:00.000'),(419,2305843009358064940,'WARLOCK',405,'2024-08-08 00:00:00.000'),(424,2305843009473034569,'TITAN',410,'2024-10-23 00:00:00.000'),(427,2305843009753756908,'WARLOCK',413,'2024-11-23 00:00:00.000'),(429,2305843009276915943,'HUNTER',415,'2024-11-30 00:00:00.000'),(435,2305843009450914753,'HUNTER',421,'2024-12-01 00:00:00.000'),(437,2305843010640524216,'HUNTER',423,'2024-12-01 00:00:00.000'),(440,2305843009519996980,'WARLOCK',426,'2024-12-01 00:00:00.000'),(441,2305843009261858677,'HUNTER',427,'2024-12-01 00:00:00.000'),(443,2305843009266489318,'WARLOCK',429,'2024-12-01 00:00:00.000'),(446,2305843009346924332,'TITAN',432,'2024-12-01 00:00:00.000'),(449,2305843009299265467,'WARLOCK',435,'2024-12-01 00:00:00.000'),(452,2305843009393492052,'TITAN',438,'2024-11-29 00:00:00.000'),(454,2305843009963634029,'TITAN',440,'2024-11-29 00:00:00.000'),(455,2305843009488114546,'TITAN',441,'2024-12-01 00:00:00.000'),(459,2305843009422824725,'WARLOCK',445,'2024-11-30 00:00:00.000'),(460,2305843010107694278,'HUNTER',446,'2024-11-28 00:00:00.000'),(462,2305843009267638168,'HUNTER',448,'2024-12-01 09:56:53.779'),(466,2305843009529464950,'HUNTER',452,'2024-11-29 00:00:00.000'),(469,2305843009276706440,'TITAN',455,'2024-12-01 00:00:00.000'),(471,2305843009508274807,'HUNTER',457,'2023-06-29 00:00:00.000'),(473,2305843009434605552,'HUNTER',459,'2024-11-25 00:00:00.000'),(474,2305843009409954150,'WARLOCK',460,'2022-12-15 00:00:00.000'),(476,2305843009847044144,'WARLOCK',462,'2024-11-30 00:00:00.000'),(477,2305843009570676684,'TITAN',463,'2024-11-30 00:00:00.000'),(652,2305843009261238284,'TITAN',631,'2024-12-01 00:00:00.000'),(655,2305843009304456802,'HUNTER',634,'2024-12-01 00:00:00.000'),(658,2305843009527794548,'TITAN',637,'2024-12-01 00:00:00.000'),(659,2305843009768884227,'HUNTER',638,'2024-12-02 00:00:00.000'),(661,2305843009410664554,'WARLOCK',640,'2024-12-01 00:00:00.000'),(663,2305843009266603246,'WARLOCK',642,'2024-12-01 00:00:00.000'),(664,2305843009279507667,'HUNTER',643,'2024-12-02 00:00:00.000'),(665,2305843010358744391,'HUNTER',644,'2024-12-01 00:00:00.000'),(667,2305843009260531557,'HUNTER',646,'2024-12-02 00:00:00.000'),(669,2305843009752396086,'HUNTER',648,'2024-12-01 00:00:00.000'),(671,2305843009905104038,'TITAN',650,'2024-12-02 00:00:00.000'),(855,2305843009384204205,'HUNTER',830,'2024-12-01 00:00:00.000'),(857,2305843009277640076,'WARLOCK',832,'2024-12-01 00:00:00.000'),(859,2305843009357175727,'TITAN',834,'2024-11-30 00:00:00.000'),(861,2305843009269476327,'TITAN',836,'2024-12-01 00:00:00.000'),(864,2305843009264246580,'WARLOCK',839,'2024-11-30 00:00:00.000'),(867,2305843009754074657,'TITAN',842,'2024-11-30 00:00:00.000'),(868,2305843009272326592,'TITAN',843,'2024-12-01 00:00:00.000'),(870,2305843009646265950,'TITAN',845,'2024-12-01 00:00:00.000'),(872,2305843009703825017,'HUNTER',847,'2024-12-02 00:00:00.000'),(873,2305843009677814800,'HUNTER',848,'2024-11-30 00:00:00.000'),(874,2305843009289985334,'TITAN',849,'2024-12-02 00:00:00.000'),(876,2305843009832194938,'HUNTER',851,'2024-11-30 00:00:00.000'),(907,2305843009300009399,'WARLOCK',894,'2025-03-23 00:00:00.000'),(908,2305843009300009440,'TITAN',894,'2025-03-25 00:00:00.000'),(909,2305843009300406282,'HUNTER',894,'2025-03-04 00:00:00.000'),(913,2305843009356994022,'WARLOCK',899,'2024-08-19 00:00:00.000'),(916,2305843009262538643,'TITAN',902,'2025-03-22 00:00:00.000'),(933,2305843009302984708,'HUNTER',919,'2025-03-25 00:00:00.000'),(936,2305843009299029457,'TITAN',925,'2025-03-25 00:00:00.000'),(939,2305843009301677469,'HUNTER',928,'2023-07-11 00:00:00.000'),(940,2305843009304706250,'WARLOCK',929,'2024-12-16 00:00:00.000'),(941,2305843009341564026,'TITAN',930,'2025-03-21 00:00:00.000'),(942,2305843009355313997,'TITAN',931,'2025-03-19 00:00:00.000'),(944,2305843009445754239,'HUNTER',933,'2024-07-12 00:00:00.000'),(951,2305843009262661548,'TITAN',941,'2025-03-25 00:00:00.000'),(953,2305843009284156562,'HUNTER',941,'2025-03-25 00:00:00.000'),(957,2305843009260793655,'HUNTER',946,'2025-02-28 00:00:00.000'),(961,2305843009356875477,'HUNTER',950,'2024-07-20 00:00:00.000'),(963,2305843009423235447,'HUNTER',952,'2025-03-09 00:00:00.000'),(965,2305843009719054212,'WARLOCK',954,'2025-03-22 00:00:00.000'),(967,2305843009889824506,'WARLOCK',956,'2025-03-24 00:00:00.000'),(969,2305843009262973086,'WARLOCK',958,'2025-03-23 00:00:00.000'),(972,2305843009301195229,'HUNTER',961,'2025-03-25 00:00:00.000'),(977,2305843009344534885,'TITAN',966,'2025-03-04 00:00:00.000'),(979,2305843009314495052,'WARLOCK',968,'2025-02-11 00:00:00.000'),(982,2305843010068544135,'TITAN',971,'2024-12-11 00:00:00.000'),(983,2305843009939764270,'TITAN',972,'2025-03-26 00:00:00.000'),(985,2305843009261503222,'TITAN',974,'2025-03-26 00:00:00.000'),(986,2305843009272580208,'WARLOCK',975,'2025-03-25 00:00:00.000'),(987,2305843009261582365,'TITAN',976,'2025-03-25 00:00:00.000'),(989,2305843009276549580,'HUNTER',978,'2025-03-14 00:00:00.000'),(990,2305843009301035801,'HUNTER',979,'2025-03-26 00:00:00.000'),(992,2305843009523476722,'HUNTER',981,'2025-03-25 00:00:00.000'),(994,2305843009611524167,'HUNTER',983,'2025-03-25 00:00:00.000'),(995,2305843009720994583,'HUNTER',984,'2025-03-26 00:00:00.000'),(996,2305843009862054651,'TITAN',985,'2024-10-09 00:00:00.000'),(999,2305843009431024700,'TITAN',988,'2025-03-25 00:00:00.000'),(1002,2305843009755254369,'HUNTER',991,'2024-10-27 00:00:00.000'),(1006,2305843009278975284,'WARLOCK',995,'2024-08-01 00:00:00.000'),(1007,2305843009379346639,'HUNTER',996,'2025-03-25 00:00:00.000'),(1011,2305843009363745270,'TITAN',1000,'2025-03-15 00:00:00.000'),(1014,2305843009506524950,'TITAN',1003,'2025-03-12 00:00:00.000'),(1016,2305843009571535506,'TITAN',1005,'2025-03-26 00:00:00.000'),(1018,2305843010353164381,'WARLOCK',1007,'2025-03-25 00:00:00.000'),(1021,2305843009433314343,'WARLOCK',1010,'2025-03-21 00:00:00.000'),(1022,2305843009739444236,'HUNTER',1011,'2025-03-25 00:00:00.000'),(1023,2305843009299106618,'TITAN',1012,'2024-07-17 00:00:00.000'),(1027,2305843009366813977,'HUNTER',1012,'2024-06-09 00:00:00.000');
/*!40000 ALTER TABLE `Character` ENABLE KEYS */;
UNLOCK TABLES;

--
-- Table structure for table `Equipped_Armor`
--

DROP TABLE IF EXISTS `Equipped_Armor`;
/*!40101 SET @saved_cs_client     = @@character_set_client */;
/*!50503 SET character_set_client = utf8mb4 */;
CREATE TABLE `Equipped_Armor` (
  `armor_id` int NOT NULL,
  `character_id` int NOT NULL,
  `slot_type` enum('HELMET','GAUNTLETS','CHEST','BOOTS','CLASS_ITEM') COLLATE utf8mb4_unicode_ci NOT NULL,
  PRIMARY KEY (`character_id`,`armor_id`),
  KEY `Equipped_Armor_armor_id_fkey` (`armor_id`),
  CONSTRAINT `Equipped_Armor_armor_id_fkey` FOREIGN KEY (`armor_id`) REFERENCES `Armor` (`armor_id`) ON DELETE RESTRICT ON UPDATE CASCADE,
  CONSTRAINT `Equipped_Armor_character_id_fkey` FOREIGN KEY (`character_id`) REFERENCES `Character` (`character_id`) ON DELETE RESTRICT ON UPDATE CASCADE
) ENGINE=InnoDB DEFAULT CHARSET=utf8mb4 COLLATE=utf8mb4_unicode_ci;
/*!40101 SET character_set_client = @saved_cs_client */;

--
-- Dumping data for table `Equipped_Armor`
--

LOCK TABLES `Equipped_Armor` WRITE;
/*!40000 ALTER TABLE `Equipped_Armor` DISABLE KEYS */;
INSERT INTO `Equipped_Armor` VALUES (1,1,'HELMET'),(2,1,'GAUNTLETS'),(3,1,'CHEST'),(4,1,'BOOTS'),(5,1,'CLASS_ITEM'),(6,2,'HELMET'),(7,2,'GAUNTLETS'),(8,2,'CHEST'),(9,2,'BOOTS'),(10,2,'CLASS_ITEM'),(11,3,'HELMET'),(12,3,'GAUNTLETS'),(13,3,'CHEST'),(14,3,'BOOTS'),(15,3,'CLASS_ITEM'),(31,193,'HELMET'),(32,193,'GAUNTLETS'),(33,193,'CHEST'),(34,193,'BOOTS'),(35,193,'CLASS_ITEM'),(36,194,'HELMET'),(37,194,'GAUNTLETS'),(38,194,'CHEST'),(39,194,'BOOTS'),(40,194,'CLASS_ITEM'),(41,195,'HELMET'),(42,195,'GAUNTLETS'),(43,195,'CHEST'),(44,195,'BOOTS'),(45,195,'CLASS_ITEM'),(2,296,'GAUNTLETS'),(46,296,'HELMET'),(47,296,'CHEST'),(48,296,'BOOTS'),(49,296,'CLASS_ITEM'),(50,297,'HELMET'),(51,297,'GAUNTLETS'),(52,297,'CHEST'),(53,297,'BOOTS'),(54,297,'CLASS_ITEM'),(55,298,'HELMET'),(56,298,'GAUNTLETS'),(57,298,'CHEST'),(58,298,'BOOTS'),(59,298,'CLASS_ITEM'),(60,398,'HELMET'),(61,398,'GAUNTLETS'),(62,398,'CHEST'),(63,398,'BOOTS'),(64,398,'CLASS_ITEM'),(53,399,'BOOTS'),(65,399,'HELMET'),(66,399,'GAUNTLETS'),(67,399,'CHEST'),(68,399,'CLASS_ITEM'),(69,400,'HELMET'),(70,400,'GAUNTLETS'),(71,400,'CHEST'),(72,400,'BOOTS'),(73,400,'CLASS_ITEM'),(33,907,'CHEST'),(137,907,'HELMET'),(138,907,'GAUNTLETS'),(140,907,'BOOTS'),(141,907,'CLASS_ITEM'),(142,908,'HELMET'),(143,908,'GAUNTLETS'),(144,908,'CHEST'),(145,908,'BOOTS'),(146,908,'CLASS_ITEM'),(1,909,'HELMET'),(2,909,'GAUNTLETS'),(4,909,'BOOTS'),(5,909,'CLASS_ITEM'),(149,909,'CHEST'),(157,951,'HELMET'),(158,951,'GAUNTLETS'),(159,951,'CHEST'),(64,953,'CLASS_ITEM'),(163,953,'HELMET'),(164,953,'GAUNTLETS'),(165,953,'CHEST'),(166,953,'BOOTS'),(70,1023,'GAUNTLETS'),(142,1023,'HELMET'),(170,1023,'CHEST'),(171,1023,'BOOTS'),(172,1023,'CLASS_ITEM'),(173,1027,'HELMET'),(174,1027,'GAUNTLETS'),(175,1027,'CHEST'),(176,1027,'BOOTS'),(177,1027,'CLASS_ITEM');
/*!40000 ALTER TABLE `Equipped_Armor` ENABLE KEYS */;
UNLOCK TABLES;

--
-- Table structure for table `Equipped_Weapons`
--

DROP TABLE IF EXISTS `Equipped_Weapons`;
/*!40101 SET @saved_cs_client     = @@character_set_client */;
/*!50503 SET character_set_client = utf8mb4 */;
CREATE TABLE `Equipped_Weapons` (
  `weapon_id` int NOT NULL,
  `character_id` int NOT NULL,
  `slot_type` enum('KINETIC','ENERGY','POWER') COLLATE utf8mb4_unicode_ci NOT NULL,
  `main_stat` varchar(20) COLLATE utf8mb4_unicode_ci NOT NULL DEFAULT '0',
  PRIMARY KEY (`character_id`,`weapon_id`),
  KEY `Equipped_Weapons_weapon_id_fkey` (`weapon_id`),
  CONSTRAINT `Equipped_Weapons_character_id_fkey` FOREIGN KEY (`character_id`) REFERENCES `Character` (`character_id`) ON DELETE RESTRICT ON UPDATE CASCADE,
  CONSTRAINT `Equipped_Weapons_weapon_id_fkey` FOREIGN KEY (`weapon_id`) REFERENCES `Weapon` (`weapon_id`) ON DELETE RESTRICT ON UPDATE CASCADE
) ENGINE=InnoDB DEFAULT CHARSET=utf8mb4 COLLATE=utf8mb4_unicode_ci;
/*!40101 SET character_set_client = @saved_cs_client */;

--
-- Dumping data for table `Equipped_Weapons`
--

LOCK TABLES `Equipped_Weapons` WRITE;
/*!40000 ALTER TABLE `Equipped_Weapons` DISABLE KEYS */;
INSERT INTO `Equipped_Weapons` VALUES (1,1,'KINETIC','500ms'),(2,1,'ENERGY','450rpm'),(3,1,'POWER','15rpm'),(4,2,'KINETIC','140rpm'),(5,2,'ENERGY','80rpm'),(6,2,'POWER','15rpm'),(7,3,'KINETIC','960ms'),(8,3,'ENERGY','600rpm'),(9,3,'POWER','40 swing speed'),(205,193,'KINETIC','120rpm'),(206,193,'ENERGY','65rpm'),(207,193,'POWER','450rpm'),(7,194,'KINETIC','960ms'),(147,194,'ENERGY','900rpm'),(208,194,'POWER','150rpm'),(183,195,'KINETIC','80rpm'),(209,195,'ENERGY','600rpm'),(210,195,'POWER','120rpm'),(182,296,'POWER','450rpm'),(294,296,'ENERGY','140rpm'),(311,296,'KINETIC','72rpm'),(312,297,'KINETIC','780ms'),(313,297,'ENERGY','90rpm'),(314,297,'POWER','450rpm'),(155,298,'POWER','900rpm'),(226,298,'ENERGY','90rpm'),(315,298,'KINETIC','750rpm'),(140,398,'KINETIC','140rpm'),(205,398,'KINETIC','120rpm'),(208,398,'POWER','150rpm'),(252,398,'ENERGY','65rpm'),(452,398,'POWER','360rpm'),(373,399,'ENERGY','140rpm'),(415,399,'KINETIC','900rpm'),(416,399,'POWER','40 swing speed'),(1,400,'KINETIC','500ms'),(417,400,'ENERGY','180rpm'),(418,400,'POWER','25rpm'),(696,907,'ENERGY','820ms'),(942,907,'KINETIC','140rpm'),(944,907,'POWER','600rpm'),(172,908,'ENERGY','100rpm'),(182,908,'POWER','450rpm'),(945,908,'KINETIC','140rpm'),(207,909,'POWER','450rpm'),(359,909,'KINETIC','900rpm'),(949,909,'ENERGY','100rpm'),(998,951,'KINETIC','1000rpm'),(999,951,'ENERGY','1000rpm'),(1000,951,'POWER','25rpm'),(160,953,'KINETIC','90rpm'),(1005,953,'ENERGY','325rpm'),(1006,953,'POWER','120rpm'),(57,1023,'KINETIC','600rpm'),(457,1023,'POWER','450rpm'),(1082,1023,'ENERGY','90rpm'),(1087,1027,'KINETIC','65rpm'),(1088,1027,'ENERGY','120rpm'),(1089,1027,'POWER','533ms');
/*!40000 ALTER TABLE `Equipped_Weapons` ENABLE KEYS */;
UNLOCK TABLES;

--
-- Table structure for table `Player`
--

DROP TABLE IF EXISTS `Player`;
/*!40101 SET @saved_cs_client     = @@character_set_client */;
/*!50503 SET character_set_client = utf8mb4 */;
CREATE TABLE `Player` (
  `player_id` int NOT NULL AUTO_INCREMENT,
  `destiny_id` bigint unsigned NOT NULL,
  `bng_id` bigint unsigned NOT NULL,
  `bng_username` varchar(255) CHARACTER SET utf8mb4 COLLATE utf8mb4_unicode_ci NOT NULL,
  `date_created` datetime(3) NOT NULL DEFAULT CURRENT_TIMESTAMP(3),
  `date_last_played` datetime(3) DEFAULT CURRENT_TIMESTAMP(3),
  `platform` enum('XBOX','PSN','STEAM','BLIZZARD') COLLATE utf8mb4_unicode_ci NOT NULL,
  `character_ids` varchar(191) COLLATE utf8mb4_unicode_ci NOT NULL,
  PRIMARY KEY (`player_id`),
  UNIQUE KEY `Player_bng_id_key` (`bng_id`),
  UNIQUE KEY `Player_destiny_id_key` (`destiny_id`),
  UNIQUE KEY `Player_character_ids_key` (`character_ids`)
) ENGINE=InnoDB AUTO_INCREMENT=1027 DEFAULT CHARSET=utf8mb4 COLLATE=utf8mb4_unicode_ci;
/*!40101 SET character_set_client = @saved_cs_client */;

--
-- Dumping data for table `Player`
--

LOCK TABLES `Player` WRITE;
/*!40000 ALTER TABLE `Player` DISABLE KEYS */;
INSERT INTO `Player` VALUES (1,4611686018441248186,9079264,'Almanac Proo#3529','2014-12-22 00:00:00.000','2024-10-10 00:00:00.000','XBOX','[\'2305843009269691068\', \'2305843009554506624\', \'2305843009570716871\']'),(4,4611686018471077145,20779413,'baja blast enjoyer#4809','2019-01-07 00:00:00.000','2024-12-01 00:00:00.000','PSN','[\'2305843009299110423\', \'2305843009423216584\', \'2305843009725014095\']'),(9,4611686018467467982,14942152,'QuakeRangerTaya#0704','2017-07-14 00:00:00.000','2024-06-01 00:00:00.000','STEAM','[\'2305843009300936002\', \'2305843009300938806\', \'2305843009504144012\']'),(15,4611686018449482853,10687697,'WillRob1914#7759','2015-05-12 00:00:00.000','2024-12-01 00:00:00.000','PSN','[\'2305843009261379761\', \'2305843009261379762\', \'2305843009261379763\']'),(19,4611686018434261647,8537358,'Half_BLK#8644','2014-11-04 00:00:00.000','2024-12-01 00:00:00.000','PSN','[\'2305843009283857065\', \'2305843009283857066\', \'2305843009283857067\']'),(21,4611686018458965561,13127331,'XzSpAwNxZ#5138','2016-04-02 00:00:00.000','2024-11-30 00:00:00.000','PSN','[\'2305843009263036543\', \'2305843009269468364\', \'2305843009295266417\']'),(22,4611686018451682835,14437365,'Identhy#1921','2017-02-15 00:00:00.000','2024-12-01 00:00:00.000','PSN','[\'2305843009356545264\', \'2305843009360334574\', \'2305843010354554308\']'),(24,4611686018444032032,21090742,'Pillar#3199','2019-04-26 00:00:00.000','2024-11-30 00:00:00.000','XBOX','[\'2305843009263788664\', \'2305843009706205422\', \'2305843010373024316\']'),(27,4611686018429138392,5254000,'crafty1#9126','2014-07-19 00:00:00.000','2024-11-30 00:00:00.000','PSN','[\'2305843009260512975\', \'2305843009260512976\', \'2305843009260512977\']'),(29,4611686018447765197,12235084,'JoBoogy#5918','2015-11-10 00:00:00.000','2024-11-28 00:00:00.000','PSN','[\'2305843009263484154\', \'2305843009651675013\', \'2305843009701925653\']'),(31,4611686018461654860,23311943,'Oops Wrong Hole#5003','2019-10-18 00:00:00.000','2023-12-04 00:00:00.000','XBOX','[\'2305843009260631295\', \'2305843009264640486\', \'2305843009289634025\']'),(32,4611686018433688132,7272021,'PSU_fan1212#8811','2014-09-22 00:00:00.000','2024-11-30 00:00:00.000','PSN','[\'2305843009263418821\', \'2305843009263418822\', \'2305843009263418823\']'),(33,4611686018487429664,21026642,'Wizardly77#0284','2019-03-25 00:00:00.000','2024-11-27 00:00:00.000','PSN','[\'2305843009437904206\', \'2305843009443954887\', \'2305843009452034852\']'),(35,4611686018510093509,27478880,'BeautifulDog20#2238','2021-01-31 00:00:00.000','2024-11-30 00:00:00.000','XBOX','[\'2305843009738255348\', \'2305843009817204293\', \'2305843010310634058\']'),(37,4611686018452669283,12019272,'BroShootEm#6844','2015-10-13 00:00:00.000','2024-11-29 00:00:00.000','PSN','[\'2305843009263555347\', \'2305843009263555348\', \'2305843009734235178\']'),(40,4611686018444323608,9414462,'Crowisteria#7495','2015-01-08 00:00:00.000','2024-12-01 00:00:00.000','XBOX','[\'2305843009269995139\', \'2305843009269995140\', \'2305843009500684065\']'),(42,4611686018464277792,21189498,'Jaymod98#2839','2019-06-11 00:00:00.000','2024-11-30 00:00:00.000','XBOX','[\'2305843009451425069\', \'2305843009452635128\', \'2305843010513584005\']'),(45,4611686018495131688,23981289,'Rick Moranis#6528','2019-11-23 00:00:00.000','2024-12-01 00:00:00.000','PSN','[\'2305843009535386168\', \'2305843009626684697\', \'2305843009664204916\']'),(48,4611686018431549189,11209203,'xC0NFiDENTiALx#8459','2015-07-16 00:00:00.000','2024-12-01 00:00:00.000','XBOX','[\'2305843009261630730\', \'2305843009285259025\', \'2305843009290168541\']'),(99,4611686018439144167,9581612,'Dredgen Oset#5082','2015-01-18 00:00:00.000','2024-09-08 00:00:00.000','XBOX','[\'2305843009269820206\', \'2305843009269820207\', \'2305843009734435378\']'),(100,4611686018470559032,23012251,'crazymarbles2#9303','2019-10-11 00:00:00.000','2024-12-01 00:00:00.000','PSN','[\'2305843009300424365\', \'2305843009488444925\', \'2305843009492064106\']'),(102,4611686018498277366,26935742,'Denji ツ#5839','2020-11-16 00:00:00.000','2024-12-01 00:00:00.000','PSN','[\'2305843009569466840\', \'2305843009750964222\', \'2305843009753234517\']'),(103,4611686018429357661,6176436,'Asthma, Kell of Wheeze#2092','2014-09-10 00:00:00.000','2024-11-23 00:00:00.000','PSN','[\'2305843009269042161\', \'2305843010590044424\', \'2305843010593194244\']'),(108,4611686018428467248,118415,'DivineCloudNine#2785','2007-12-23 00:00:00.000','2024-04-15 00:00:00.000','PSN','[\'2305843009260822816\', \'2305843009265175853\', \'2305843009300205303\']'),(110,4611686018457864026,14327564,'O.J\'s Gloves (Timelost)#7010','2017-01-11 00:00:00.000','2024-11-28 00:00:00.000','XBOX','[\'2305843009299832140\', \'2305843009358803984\', \'2305843010021604507\']'),(113,4611686018533052873,32759796,'alili898989#5623','2023-09-27 00:00:00.000','2024-07-23 00:00:00.000','PSN','[\'2305843010527964586\', \'2305843010533084199\', \'2305843010541424146\']'),(114,4611686018435409226,6380157,'Southsystem#1983','2014-09-12 00:00:00.000','2024-12-01 00:00:00.000','PSN','[\'2305843009261893939\', \'2305843009261893941\', \'2305843010417234381\']'),(116,4611686018431922679,7285983,'ShibbyDude513#0297','2014-09-22 00:00:00.000','2024-11-28 00:00:00.000','PSN','[\'2305843009265016561\', \'2305843009265016562\', \'2305843009265016563\']'),(118,4611686018428445443,4578684,'Corbinik_Skeith#6256','2014-06-13 00:00:00.000','2024-11-30 00:00:00.000','PSN','[\'2305843009261339937\', \'2305843009261341751\', \'2305843009304899577\']'),(122,4611686018452637937,11669282,'Lady#0870','2015-09-13 00:00:00.000','2024-12-01 00:00:00.000','PSN','[\'2305843009262212442\', \'2305843009262212445\', \'2305843009300429067\']'),(123,4611686018437586723,3124179,'Zackariah258#0941','2011-07-08 00:00:00.000','2023-12-20 00:00:00.000','XBOX','[\'2305843009263525089\', \'2305843009271629946\', \'2305843009272565886\']'),(125,4611686018532477455,32618400,'OGymfc012#0556','2023-08-21 00:00:00.000','2024-06-01 00:00:00.000','XBOX','[\'2305843010488664380\']'),(126,4611686018475296620,17971679,'yd#3350','2018-04-29 00:00:00.000','2024-11-27 00:00:00.000','XBOX','[\'2305843010050634046\', \'2305843010056544184\', \'2305843010056544185\']'),(127,4611686018452415153,11574572,'Jimmy_9421#6923','2015-08-31 00:00:00.000','2024-11-30 00:00:00.000','PSN','[\'2305843009271845609\', \'2305843009271845610\', \'2305843009343255028\']'),(128,4611686018439544813,8940818,'Lord Agnarr#7540','2014-12-09 00:00:00.000','2024-11-28 00:00:00.000','XBOX','[\'2305843009261659767\', \'2305843009338074087\', \'2305843009932084904\']'),(157,4611686018469284676,16089539,'Gr8BioticWnd#8435','2017-09-21 00:00:00.000','2024-06-10 00:00:00.000','XBOX','[\'2305843009269663537\']'),(177,4611686018479660501,11078230,'Narew#1174','2015-06-30 00:00:00.000','2024-08-07 00:00:00.000','STEAM','[\'2305843009378617167\', \'2305843009394283212\', \'2305843009465714686\']'),(185,4611686018466583801,26797840,'Ty#7298','2020-10-28 00:00:00.000','2024-12-01 00:00:00.000','PSN','[\'2305843009677265696\', \'2305843009708614445\', \'2305843009708614446\']'),(186,4611686018449461595,11011219,'Punisher#5309','2015-06-22 00:00:00.000','2024-03-10 00:00:00.000','PSN','[\'2305843009261929047\', \'2305843009622345529\', \'2305843009651605050\']'),(192,4611686018505972679,27412385,'27412385','2021-01-18 00:00:00.000','2023-05-01 00:00:00.000','STEAM','[\'2305843009972274878\', \'2305843010371514400\']'),(195,4611686018463344317,14328893,'Arbiter8X8#5562','2017-01-12 00:00:00.000','2024-07-26 00:00:00.000','XBOX','[\'2305843009260528197\', \'2305843009279440616\', \'2305843009366234282\']'),(197,4611686018475210105,25383629,'TelestosLoyalCrayonEater#5091','2020-04-19 00:00:00.000','2024-12-01 00:00:00.000','XBOX','[\'2305843009362374686\', \'2305843009752876854\', \'2305843009891715231\']'),(201,4611686018477501336,27874639,'Flying Thundergod#2304','2021-04-08 00:00:00.000','2024-11-30 00:00:00.000','PSN','[\'2305843009372086801\', \'2305843009679535666\', \'2305843009722984220\']'),(204,4611686018431146433,26226035,'Floof#9095','2020-08-05 00:00:00.000','2024-12-01 00:00:00.000','PSN','[\'2305843009489555439\', \'2305843009675395856\', \'2305843009707024329\']'),(207,4611686018506756322,28675371,'GORILLAx420#0309','2021-08-29 00:00:00.000','2024-09-20 00:00:00.000','XBOX','[\'2305843009872904471\', \'2305843009873774749\', \'2305843010172684039\']'),(211,4611686018429680944,1181741,'Paxultek#0739','2010-07-24 00:00:00.000','2024-12-01 00:00:00.000','XBOX','[\'2305843009264765339\', \'2305843009359785009\', \'2305843009735734140\']'),(214,4611686018468932625,12050225,'FireStorm#5473','2015-10-16 00:00:00.000','2024-12-01 00:00:00.000','PSN','[\'2305843009277817830\', \'2305843009417724357\', \'2305843009736625253\']'),(217,4611686018511800205,27413573,'BigMac#7176','2021-01-18 00:00:00.000','2024-12-01 00:00:00.000','STEAM','[\'2305843009751508111\', \'2305843009819104620\', \'2305843009832594237\']'),(221,4611686018494349272,23761692,'Ruck#1710','2019-11-07 00:00:00.000','2024-12-01 00:00:00.000','XBOX','[\'2305843009618345012\', \'2305843009619905190\', \'2305843010143454610\']'),(222,4611686018459347155,13227852,'ASU MOHAN#3996','2016-04-26 00:00:00.000','2024-12-01 00:00:00.000','XBOX','[\'2305843009285517550\', \'2305843009311147189\', \'2305843009343304335\']'),(224,4611686018462783075,16263649,'YujiroHanma _ Shadow#5790','2017-10-01 00:00:00.000','2024-12-01 00:00:00.000','PSN','[\'2305843009266680912\', \'2305843009266681057\', \'2305843009389125026\']'),(226,4611686018429642088,5016077,'K Row#7112','2014-07-16 00:00:00.000','2024-12-01 00:00:00.000','XBOX','[\'2305843009260350569\', \'2305843009271549162\', \'2305843009510646308\']'),(227,4611686018537566426,33876808,'Ndc#5116','2024-06-18 00:00:00.000','2024-12-01 00:00:00.000','STEAM','[\'2305843010614034595\', \'2305843010619764253\', \'2305843010622624663\']'),(230,4611686018519517608,29872121,'Aneksus#2714','2022-03-17 00:00:00.000','2024-12-01 00:00:00.000','XBOX','[\'2305843009919574635\', \'2305843009979494407\', \'2305843009979494410\']'),(232,4611686018433267972,6097536,'Smoovesoul#1325','2014-09-09 00:00:00.000','2024-12-01 00:00:00.000','PSN','[\'2305843009261798329\', \'2305843009261798331\', \'2305843009269893392\']'),(234,4611686018438060558,14695749,'DrizzleRising#1336','2017-05-04 00:00:00.000','2024-12-01 00:00:00.000','XBOX','[\'2305843009260399097\', \'2305843009260399098\', \'2305843009260399099\']'),(236,4611686018438649294,14137189,'EarthlingJoeW#6983','2016-11-24 00:00:00.000','2024-12-01 00:00:00.000','PSN','[\'2305843009260413797\', \'2305843009260413799\', \'2305843009260413801\']'),(238,4611686018437877426,9988428,'sometimesipoo#0632','2015-02-22 00:00:00.000','2024-11-28 00:00:00.000','PSN','[\'2305843009264285959\', \'2305843009264286279\', \'2305843009293875980\']'),(243,4611686018519932721,29420330,'TenderestBeef#0350','2022-01-02 00:00:00.000','2024-11-29 00:00:00.000','PSN','[\'2305843009930434811\', \'2305843009930725016\', \'2305843009963964081\']'),(245,4611686018444294958,28166315,'llDarkling#5893','2021-05-31 00:00:00.000','2024-12-01 00:00:00.000','PSN','[\'2305843009309735412\', \'2305843009319764839\', \'2305843009337355860\']'),(248,4611686018466456264,6017481,'MizterPiggy89#3620','2014-09-09 00:00:00.000','2022-09-26 00:00:00.000','PSN','[\'2305843009262649170\', \'2305843009279436858\', \'2305843009285817703\']'),(251,4611686018477758341,20276183,'Old_Guard_BR#2616','2018-11-16 00:00:00.000','2024-12-01 00:00:00.000','PSN','[\'2305843009422764421\', \'2305843009422764427\', \'2305843009452215089\']'),(252,4611686018507643154,27519106,'27519106','2021-02-07 00:00:00.000','2023-12-26 00:00:00.000','PSN','[\'2305843009703504015\', \'2305843009754806288\']'),(255,4611686018482541218,24718325,'tj_sith#4538','2020-02-03 00:00:00.000','2024-11-26 00:00:00.000','PSN','[\'2305843009395693071\', \'2305843009678565778\', \'2305843009908514462\']'),(258,4611686018466316600,16277457,'ResidentFurry#9549','2017-10-02 00:00:00.000','2024-12-01 00:00:00.000','PSN','[\'2305843009260588811\', \'2305843009271484383\', \'2305843009294098407\']'),(262,4611686018474447692,18188291,'MGS_BlackCzar#0158','2018-06-05 00:00:00.000','2024-12-01 00:00:00.000','PSN','[\'2305843009331704623\', \'2305843009354064704\', \'2305843009358065451\']'),(264,4611686018444650880,13595856,'OmittedHorse134#3342','2016-07-26 00:00:00.000','2024-12-01 00:00:00.000','XBOX','[\'2305843009377770460\', \'2305843009467104277\', \'2305843009707924177\']'),(266,4611686018441436168,10483357,'10483357','2015-04-22 00:00:00.000','2024-11-30 00:00:00.000','PSN','[\'2305843009270464513\', \'2305843009270464514\', \'2305843009270464515\']'),(267,4611686018471202643,17118344,'CapnNappy#4171','2017-11-08 00:00:00.000','2024-11-28 00:00:00.000','STEAM','[\'2305843009301112281\', \'2305843009305157094\', \'2305843009316615638\']'),(286,4611686018467428939,13795124,'Captain Joystick#7425','2016-09-10 00:00:00.000','2024-10-16 00:00:00.000','STEAM','[\'2305843009831885839\', \'2305843009923174270\', \'2305843009925534050\']'),(290,4611686018442465966,9004021,'Luda#5228','2014-12-15 00:00:00.000','2024-10-20 00:00:00.000','XBOX','[\'2305843009639834078\', \'2305843009640085135\', \'2305843009795864433\']'),(293,4611686018429702458,4405121,'DOC SAVAGE247#5968','2014-04-26 00:00:00.000','2024-12-01 00:00:00.000','XBOX','[\'2305843009261521387\', \'2305843009261521389\', \'2305843009261521391\']'),(297,4611686018457401268,13150125,'Titan, Consumer Of Crayons#0465','2016-04-08 00:00:00.000','2024-11-14 00:00:00.000','PSN','[\'2305843009265814511\', \'2305843009265814513\', \'2305843010141854323\']'),(298,4611686018468634793,12030371,'Paradiddle#4493','2015-10-14 00:00:00.000','2024-11-30 00:00:00.000','STEAM','[\'2305843009317514064\', \'2305843009328773973\', \'2305843009462984268\']'),(300,4611686018450120536,15733210,'Madman#7234','2017-09-10 00:00:00.000','2024-12-01 00:00:00.000','PSN','[\'2305843009278358890\', \'2305843009283854349\', \'2305843009295334846\']'),(304,4611686018489338568,31213606,'platinumpuffun1#3133','2022-11-17 00:00:00.000','2024-05-28 00:00:00.000','XBOX','[\'2305843009504585008\', \'2305843009511156272\', \'2305843010207684120\']'),(306,4611686018490050786,23167372,'Richyy#7047','2019-10-14 00:00:00.000','2024-07-08 00:00:00.000','STEAM','[\'2305843009507954351\', \'2305843009590964044\', \'2305843009652814546\']'),(307,4611686018454437197,12260614,'Blough#5129','2015-11-16 00:00:00.000','2024-07-08 00:00:00.000','PSN','[\'2305843009284186816\', \'2305843010323184173\']'),(310,4611686018484392889,21076577,'Captionbro#2481','2019-04-18 00:00:00.000','2024-11-03 00:00:00.000','STEAM','[\'2305843009410324348\', \'2305843009518924485\', \'2305843009518924487\']'),(316,4611686018511654471,27384798,'Dio, Kell of Brando#6258','2021-01-13 00:00:00.000','2024-10-19 00:00:00.000','STEAM','[\'2305843010122954580\', \'2305843010144874573\', \'2305843010440014425\']'),(318,4611686018511307078,9271919,'Leer Lord#2013','2015-01-01 00:00:00.000','2024-10-03 00:00:00.000','STEAM','[\'2305843009751946449\', \'2305843010107974499\', \'2305843010113844234\']'),(321,4611686018470329162,16369074,'ChuckyCharms#3705','2017-10-09 00:00:00.000','2024-11-30 00:00:00.000','XBOX','[\'2305843009294046260\', \'2305843009300351373\', \'2305843009310785785\']'),(323,4611686018477131089,19169515,'PRONE#5262','2018-10-05 00:00:00.000','2024-07-19 00:00:00.000','STEAM','[\'2305843009365264811\', \'2305843009425189115\', \'2305843009454534475\']'),(326,4611686018430096770,11031476,'Tex#3040','2015-06-25 00:00:00.000','2024-11-25 00:00:00.000','XBOX','[\'2305843009267910203\', \'2305843009267910206\', \'2305843009488105097\']'),(328,4611686018468126850,9508516,'Raymanreed#8093','2015-01-14 00:00:00.000','2024-09-04 00:00:00.000','STEAM','[\'2305843009302864718\', \'2305843009304586341\', \'2305843009306704448\']'),(330,4611686018439020809,11624155,'Chill Clip#4919','2015-09-07 00:00:00.000','2024-10-14 00:00:00.000','XBOX','[\'2305843009705824704\', \'2305843009961034107\', \'2305843010519044124\']'),(331,4611686018476998992,18822070,'Mac#5372','2018-09-10 00:00:00.000','2024-11-25 00:00:00.000','STEAM','[\'2305843009363404939\', \'2305843009392984634\', \'2305843009392984635\']'),(334,4611686018471736710,17252804,'SO_Devo#1624','2017-11-22 00:00:00.000','2024-11-19 00:00:00.000','STEAM','[\'2305843009310795587\', \'2305843009339254695\', \'2305843009420304905\']'),(336,4611686018491622489,25252026,'Cosmic#9002','2020-04-04 00:00:00.000','2024-11-30 00:00:00.000','PSN','[\'2305843009751305613\', \'2305843009881974337\', \'2305843009931544435\']'),(338,4611686018429571383,4156721,'BurningBandit#0634','2013-12-05 00:00:00.000','2024-11-09 00:00:00.000','XBOX','[\'2305843009260861490\', \'2305843009260861493\', \'2305843009290526605\']'),(340,4611686018468136630,18078848,'Brown Bear#1279','2018-05-22 00:00:00.000','2024-11-30 00:00:00.000','STEAM','[\'2305843009352204755\', \'2305843009396032558\', \'2305843009400995574\']'),(342,4611686018489666380,22267657,'Dragostego#1244','2019-10-02 00:00:00.000','2024-05-27 00:00:00.000','STEAM','[\'2305843009503034938\', \'2305843009521475344\', \'2305843009522315781\']'),(344,4611686018487437190,27396530,'PortosGomes#6172','2021-01-16 00:00:00.000','2024-06-17 00:00:00.000','XBOX','[\'2305843009436804318\', \'2305843009437154413\', \'2305843009669644302\']'),(349,4611686018528178338,31542018,'CursedStyle#2596','2023-01-29 00:00:00.000','2024-11-30 00:00:00.000','STEAM','[\'2305843010310144263\', \'2305843010336624506\', \'2305843010600024282\']'),(350,4611686018442525474,12590368,'yop#0396','2015-12-29 00:00:00.000','2024-10-26 00:00:00.000','PSN','[\'2305843009525794208\', \'2305843009609584477\', \'2305843009775714099\']'),(352,4611686018460019110,21308965,'Trasce#5886','2019-07-18 00:00:00.000','2024-11-30 00:00:00.000','XBOX','[\'2305843009752705432\', \'2305843009882024253\', \'2305843010584794040\']'),(355,4611686018462571948,14231473,'iiSealess#8542','2016-12-22 00:00:00.000','2024-09-07 00:00:00.000','PSN','[\'2305843009260569489\', \'2305843009272948895\', \'2305843009277506778\']'),(359,4611686018519603869,14927758,'BossHunter(ADEPT)#7201','2017-07-13 00:00:00.000','2024-07-12 00:00:00.000','STEAM','[\'2305843009922634233\', \'2305843009940514197\', \'2305843009959074034\']'),(362,4611686018473034231,10909292,'Alzenggame#7413','2015-06-09 00:00:00.000','2024-10-14 00:00:00.000','STEAM','[\'2305843009322085547\', \'2305843009326366211\', \'2305843009328944351\']'),(364,4611686018433725097,9989487,'weston radness#8085','2015-02-22 00:00:00.000','2024-12-01 00:00:00.000','XBOX','[\'2305843009270402706\', \'2305843009270402707\', \'2305843009270402708\']'),(366,4611686018449836753,10907731,'DrewSR#5107','2015-06-09 00:00:00.000','2024-06-27 00:00:00.000','PSN','[\'2305843009260813914\', \'2305843009285797130\', \'2305843010068174214\']'),(367,4611686018436842360,10418074,'LADIESMANN6780#3221','2015-04-11 00:00:00.000','2024-06-18 00:00:00.000','XBOX','[\'2305843009276575574\', \'2305843009283534437\', \'2305843010530664209\']'),(370,4611686018484186017,19675069,'Meowmers_#4630','2018-11-05 00:00:00.000','2024-11-07 00:00:00.000','STEAM','[\'2305843009405341136\', \'2305843009405341139\', \'2305843009413524787\']'),(372,4611686018461448147,13800387,'RatWithABat#3393','2016-09-12 00:00:00.000','2024-07-22 00:00:00.000','PSN','[\'2305843009262789166\', \'2305843009723214187\', \'2305843010366224235\']'),(373,4611686018442811520,9203372,'Blight#0436','2014-12-29 00:00:00.000','2024-09-24 00:00:00.000','XBOX','[\'2305843009260440241\', \'2305843009284146811\', \'2305843009376647639\']'),(375,4611686018482588085,19338837,'Quig Quonk#0643','2018-11-02 00:00:00.000','2024-07-20 00:00:00.000','STEAM','[\'2305843009400784064\', \'2305843009434244961\', \'2305843009459944257\']'),(376,4611686018518501810,13872172,'13872172','2016-09-24 00:00:00.000','2024-06-23 00:00:00.000','STEAM','[\'2305843010613074459\']'),(377,4611686018445476534,21133284,'21133284','2019-05-21 00:00:00.000','2024-06-25 00:00:00.000','XBOX','[\'2305843009377647581\', \'2305843009377647582\']'),(379,4611686018443708245,11324539,'Nat1 Bartender#8612','2015-07-29 00:00:00.000','2024-08-22 00:00:00.000','XBOX','[\'2305843009263373945\', \'2305843009489224643\', \'2305843009705055290\']'),(386,4611686018467632157,15154290,'SacaLuigi#7560','2017-07-22 00:00:00.000','2024-11-30 00:00:00.000','STEAM','[\'2305843009386634741\', \'2305843009400115756\', \'2305843009400735568\']'),(387,4611686018433584545,496121,'Prez ZenZeta#2759','2009-09-22 00:00:00.000','2024-11-27 00:00:00.000','XBOX','[\'2305843009260389353\', \'2305843009260389355\', \'2305843009277465674\']'),(390,4611686018429932306,3407365,'Killer0Thriller#5114','2011-10-04 00:00:00.000','2024-11-26 00:00:00.000','XBOX','[\'2305843009264239316\', \'2305843009277797382\', \'2305843009762464029\']'),(397,4611686018462640613,18835455,'BREEZYSNAKE#7023','2018-09-10 00:00:00.000','2024-11-26 00:00:00.000','PSN','[\'2305843009425675882\', \'2305843010310674276\', \'2305843010531594099\']'),(401,4611686018442614654,11757850,'ANDREW_SARCHUS#9595','2015-09-20 00:00:00.000','2024-12-01 00:00:00.000','PSN','[\'2305843009265204789\', \'2305843009270620464\', \'2305843009295039204\']'),(403,4611686018467423072,9780752,'dmorelli15#9195','2015-02-02 00:00:00.000','2024-11-30 00:00:00.000','STEAM','[\'2305843009301597124\', \'2305843009305494796\', \'2305843009764035508\']'),(405,4611686018432687825,18221940,'SalsaThePyro#0375','2018-06-12 00:00:00.000','2024-10-14 00:00:00.000','XBOX','[\'2305843009358064940\', \'2305843009358064942\', \'2305843010462714441\']'),(410,4611686018456537510,12991265,'NoComp_TV#3237','2016-02-28 00:00:00.000','2024-10-23 00:00:00.000','PSN','[\'2305843009473034569\', \'2305843009478434423\', \'2305843009522495011\']'),(413,4611686018433844788,13783975,'GhostWolf476#0412','2016-09-07 00:00:00.000','2024-11-23 00:00:00.000','XBOX','[\'2305843009267107532\', \'2305843009753756908\', \'2305843009783674407\']'),(415,4611686018455192513,12341281,'Darid#6281','2015-11-27 00:00:00.000','2024-11-30 00:00:00.000','PSN','[\'2305843009276915943\', \'2305843009294656932\', \'2305843009928534328\']'),(421,4611686018487758553,21402994,'Neopolitan#0758','2019-08-17 00:00:00.000','2024-12-01 00:00:00.000','STEAM','[\'2305843009450914753\', \'2305843009556746465\', \'2305843009622776033\']'),(423,4611686018538544371,14571869,'Knull#3876','2017-04-03 00:00:00.000','2024-12-01 00:00:00.000','STEAM','[\'2305843010631544172\', \'2305843010640524216\', \'2305843010640524217\']'),(426,4611686018470766245,21602435,'fightingmetal#6048','2019-09-02 00:00:00.000','2024-12-01 00:00:00.000','STEAM','[\'2305843009300637044\', \'2305843009519996980\', \'2305843009955604142\']'),(427,4611686018435223741,377468,'Tehji#3572','2009-05-29 00:00:00.000','2024-12-01 00:00:00.000','XBOX','[\'2305843009261858677\', \'2305843009276765108\', \'2305843010013184106\']'),(429,4611686018459130691,13626240,'Ski#4077','2016-08-02 00:00:00.000','2024-12-01 00:00:00.000','XBOX','[\'2305843009266489318\', \'2305843009279564246\', \'2305843009350844463\']'),(432,4611686018469823389,5218466,'MOChamp#1744','2014-07-18 00:00:00.000','2024-12-01 00:00:00.000','STEAM','[\'2305843009346924332\', \'2305843009358145771\', \'2305843009400834598\']'),(435,4611686018467191987,114358,'Cyth#5882','2008-01-02 00:00:00.000','2024-12-01 00:00:00.000','STEAM','[\'2305843009299039327\', \'2305843009299039389\', \'2305843009299265467\']'),(438,4611686018481601357,19019684,'Nerf Mozambique#3830','2018-09-23 00:00:00.000','2024-11-29 00:00:00.000','STEAM','[\'2305843009393492052\', \'2305843009395795504\', \'2305843009400924900\']'),(440,4611686018515751157,28794574,'Merkules#2793','2021-09-13 00:00:00.000','2024-12-01 00:00:00.000','STEAM','[\'2305843009960284013\', \'2305843009960284023\', \'2305843009963634029\']'),(441,4611686018473487982,17592142,'Piggle#2324','2017-12-29 00:00:00.000','2024-12-01 00:00:00.000','STEAM','[\'2305843009320368994\', \'2305843009488114546\', \'2305843010555054394\']'),(445,4611686018465241390,27488523,'LiamTST#5204','2021-02-01 00:00:00.000','2024-12-01 00:00:00.000','XBOX','[\'2305843009422824725\', \'2305843009626296247\', \'2305843010082974385\']'),(446,4611686018522054280,30137253,'Okboomer31307#6924','2022-05-17 00:00:00.000','2024-12-01 00:00:00.000','STEAM','[\'2305843010016214046\', \'2305843010088274140\', \'2305843010107694278\']'),(448,4611686018444690064,9444383,'Sniper#0244','2015-01-10 00:00:00.000','2024-12-01 00:00:00.000','PSN','[\'2305843009267638170\', \'2305843009346754664\', \'2305843010328304222\']'),(452,4611686018493493487,14522158,'BIBOB Gamer#2485','2017-03-20 00:00:00.000','2024-11-30 00:00:00.000','STEAM','[\'2305843009529464950\', \'2305843009840164885\', \'2305843010575054402\']'),(455,4611686018430470818,5671791,'CptnPunchy#2482','2014-07-25 00:00:00.000','2024-12-01 00:00:00.000','PSN','[\'2305843009276706440\', \'2305843009538454172\', \'2305843010004964268\']'),(457,4611686018490048699,22517458,'ツ#1793','2019-10-04 00:00:00.000','2023-09-14 00:00:00.000','XBOX','[\'2305843009508274807\', \'2305843010087184543\', \'2305843010087184544\']'),(459,4611686018438460953,9897771,'STD_NinjaSpy73#3571','2015-02-14 00:00:00.000','2024-11-25 00:00:00.000','PSN','[\'2305843009434605552\', \'2305843009434605553\', \'2305843009434605554\']'),(460,4611686018483080675,22610060,'firecode534#4250','2019-10-05 00:00:00.000','2023-07-08 00:00:00.000','STEAM','[\'2305843009404745522\', \'2305843009409954150\', \'2305843009423784553\']'),(462,4611686018516065541,31712178,'DrasseL#1330','2023-02-28 00:00:00.000','2024-11-30 00:00:00.000','STEAM','[\'2305843009847044144\', \'2305843010050264014\', \'2305843010341204605\']'),(463,4611686018494908024,24479283,'Safe#8331','2020-01-05 00:00:00.000','2024-11-30 00:00:00.000','STEAM','[\'2305843009535395447\', \'2305843009538266180\', \'2305843009570676684\']'),(631,4611686018433945402,6277041,'ChaosZephyr#8449','2014-09-11 00:00:00.000','2024-12-02 00:00:00.000','PSN','[\'2305843009261238282\', \'2305843009261238283\', \'2305843009261238284\']'),(634,4611686018441382403,9587054,'Papibubbles#4095','2015-01-19 00:00:00.000','2024-12-01 00:00:00.000','XBOX','[\'2305843009304456800\', \'2305843009304456801\', \'2305843009304456802\']'),(637,4611686018438493835,8189279,'Mr Chamonze#9599','2014-10-16 00:00:00.000','2024-12-01 00:00:00.000','XBOX','[\'2305843009527794547\', \'2305843009527794548\', \'2305843009527794549\']'),(638,4611686018512910454,31668403,'jicka211#3526','2023-02-22 00:00:00.000','2024-12-02 00:00:00.000','PSN','[\'2305843009768884227\', \'2305843010435804327\', \'2305843010466824177\']'),(640,4611686018484421915,19850783,'BamDoofus#6447','2018-11-07 00:00:00.000','2024-12-01 00:00:00.000','STEAM','[\'2305843009410664554\', \'2305843010088954317\', \'2305843010147694384\']'),(642,4611686018429669911,158839,'Voltramax#1081','2008-03-29 00:00:00.000','2024-12-01 00:00:00.000','XBOX','[\'2305843009266603246\', \'2305843009266603247\', \'2305843009266603248\']'),(643,4611686018435695007,7110104,'DaZeroBADGER#4713','2014-09-19 00:00:00.000','2024-12-02 00:00:00.000','XBOX','[\'2305843009279507667\', \'2305843009279507668\', \'2305843009279507669\']'),(644,4611686018501260411,25161878,'Ampersand#8916','2020-03-27 00:00:00.000','2024-12-01 00:00:00.000','STEAM','[\'2305843010358744391\', \'2305843010479184095\', \'2305843010532054059\']'),(646,4611686018463746042,14457785,'superMFdylan#1028','2017-02-22 00:00:00.000','2024-12-02 00:00:00.000','PSN','[\'2305843009260528904\', \'2305843009260531557\', \'2305843009401834846\']'),(648,4611686018467866709,15478809,'Illunmei#3184','2017-08-30 00:00:00.000','2024-12-01 00:00:00.000','STEAM','[\'2305843009301409468\', \'2305843009364234974\', \'2305843009752396086\']'),(650,4611686018518840700,29098373,'Emerald_King#5654','2021-11-03 00:00:00.000','2024-12-02 00:00:00.000','STEAM','[\'2305843009905104038\', \'2305843010161664064\', \'2305843010440874036\']'),(830,4611686018480406454,18931132,'pecK#3800','2018-09-17 00:00:00.000','2024-12-02 00:00:00.000','STEAM','[\'2305843009384204205\', \'2305843009393525058\', \'2305843009460314011\']'),(832,4611686018443559632,9158283,'ZER0#6931','2014-12-28 00:00:00.000','2024-12-01 00:00:00.000','PSN','[\'2305843009277640076\', \'2305843009639224298\', \'2305843009825614189\']'),(834,4611686018468159480,1804882,'G_M4K#2078','2010-09-29 00:00:00.000','2024-11-30 00:00:00.000','STEAM','[\'2305843009346644669\', \'2305843009357175727\', \'2305843010553134043\']'),(836,4611686018452658990,13189522,'Marcus#4084','2016-04-17 00:00:00.000','2024-12-01 00:00:00.000','PSN','[\'2305843009269476327\', \'2305843009270221364\', \'2305843009270221510\']'),(839,4611686018433215907,8398993,'scotland.yard13#8743','2014-10-26 00:00:00.000','2024-11-30 00:00:00.000','XBOX','[\'2305843009264246580\', \'2305843009264246581\', \'2305843009300025069\']'),(842,4611686018493594830,23848612,'Rageeth#2474','2019-11-12 00:00:00.000','2024-12-01 00:00:00.000','STEAM','[\'2305843009526597340\', \'2305843009750905548\', \'2305843009754074657\']'),(843,4611686018433278163,5973828,'QuantumBust#1987','2014-09-08 00:00:00.000','2024-12-01 00:00:00.000','PSN','[\'2305843009272326591\', \'2305843009272326592\', \'2305843009272326593\']'),(845,4611686018492981847,28625181,'I Am tiP#5314','2021-08-25 00:00:00.000','2024-12-01 00:00:00.000','STEAM','[\'2305843009526115495\', \'2305843009646265950\', \'2305843009830474424\']'),(847,4611686018507376594,26554686,'Profile#5707','2020-09-24 00:00:00.000','2024-12-02 00:00:00.000','STEAM','[\'2305843009698334188\', \'2305843009703825017\', \'2305843009830164069\']'),(848,4611686018494553531,25792833,'Insert Cat Pun#5538','2020-06-11 00:00:00.000','2024-11-30 00:00:00.000','STEAM','[\'2305843009677814800\', \'2305843010494954053\', \'2305843010552846096\']'),(849,4611686018428561810,4757441,'sontaron#7024','2014-07-01 00:00:00.000','2024-12-02 00:00:00.000','PSN','[\'2305843009289985332\', \'2305843009289985333\', \'2305843009289985334\']'),(851,4611686018451536121,13313174,'DaSirOfPie#1599','2016-05-19 00:00:00.000','2024-11-30 00:00:00.000','XBOX','[\'2305843009722604549\', \'2305843009832194938\', \'2305843009926404354\']'),(894,4611686018467284386,3866224,'Datto#6446','2013-02-23 00:00:00.000','2025-03-25 00:00:00.000','STEAM','[\'2305843009300009399\', \'2305843009300009440\', \'2305843009300406282\']'),(899,4611686018476100841,21920466,'Dynamo#7034','2019-09-23 00:00:00.000','2024-08-19 00:00:00.000','STEAM','[\'2305843009356994022\', \'2305843009357394111\', \'2305843009525337142\']'),(902,4611686018439641255,8552957,'BIG TOE2#4969','2014-11-05 00:00:00.000','2025-03-24 00:00:00.000','XBOX','[\'2305843009262538643\', \'2305843009270605014\', \'2305843009277060672\']'),(919,4611686018467184541,7521466,'Mork#5239','2014-09-27 00:00:00.000','2025-03-26 00:00:00.000','STEAM','[\'2305843009300412423\', \'2305843009301356129\', \'2305843009302984708\']'),(922,4611686018471305833,14204675,'Anxious#5658','2016-12-14 00:00:00.000','2024-06-28 00:00:00.000','STEAM','[\'2305843009302863970\', \'2305843009401375149\', \'2305843009568934610\']'),(923,4611686018467912580,8516409,'The1#5697','2014-11-02 00:00:00.000','2023-08-02 00:00:00.000','STEAM','[\'2305843009328024089\', \'2305843009385464670\', \'2305843010386604074\']'),(925,4611686018467188770,55763,'pG#2877','2007-07-24 00:00:00.000','2025-03-25 00:00:00.000','STEAM','[\'2305843009299029418\', \'2305843009299029457\', \'2305843009299935609\']'),(928,4611686018467401063,14933042,'Savvy#8358','2017-07-13 00:00:00.000','2023-07-11 00:00:00.000','STEAM','[\'2305843009300470152\', \'2305843009301677469\', \'2305843009301677649\']'),(929,4611686018467938404,17091458,'Arctic Alpaca#8615','2017-11-06 00:00:00.000','2024-12-17 00:00:00.000','STEAM','[\'2305843009304706250\', \'2305843009304716704\', \'2305843009469444558\']'),(930,4611686018467356666,6449,'Leopard#4271','2004-12-20 00:00:00.000','2025-03-21 00:00:00.000','STEAM','[\'2305843009300007439\', \'2305843009341564026\', \'2305843009395189356\']'),(931,4611686018476096120,5066739,'X_KLUSIVE_SxIT#4295','2014-07-17 00:00:00.000','2025-03-25 00:00:00.000','STEAM','[\'2305843009355313997\', \'2305843009357454500\', \'2305843009357454736\']'),(933,4611686018483950472,20497682,'Mace#2994','2018-11-28 00:00:00.000','2024-07-30 00:00:00.000','STEAM','[\'2305843009403089868\', \'2305843009432154370\', \'2305843009445754239\']'),(941,4611686018433465193,5958573,'Aztecross#8092','2014-09-07 00:00:00.000','2025-03-28 00:00:00.000','PSN','[\'2305843009262661548\', \'2305843009284156562\', \'2305843009314296020\']'),(946,4611686018438149952,10057620,'Devin#4873','2015-02-28 00:00:00.000','2025-03-01 00:00:00.000','PSN','[\'2305843009260793655\', \'2305843009320520903\', \'2305843010392214111\']'),(950,4611686018476254097,18257123,'Pavel#9244','2018-06-19 00:00:00.000','2024-07-20 00:00:00.000','STEAM','[\'2305843009355606057\', \'2305843009356875477\', \'2305843009366954187\']'),(952,4611686018486631677,20725104,'Dan Da Man#3451','2018-12-29 00:00:00.000','2025-03-09 00:00:00.000','STEAM','[\'2305843009423235447\', \'2305843009490464221\', \'2305843010064964130\']'),(954,4611686018473757301,17636195,'Soul#3660','2018-01-04 00:00:00.000','2025-03-22 00:00:00.000','XBOX','[\'2305843009330094249\', \'2305843009331434368\', \'2305843009719054212\']'),(956,4611686018487108095,20878600,'pebmix#4718','2019-02-01 00:00:00.000','2025-03-24 00:00:00.000','STEAM','[\'2305843009430054214\', \'2305843009481694272\', \'2305843009889824506\']'),(958,4611686018434487778,2649015,'Shamesworth#0185','2011-04-02 00:00:00.000','2025-03-23 00:00:00.000','XBOX','[\'2305843009262973084\', \'2305843009262973085\', \'2305843009262973086\']'),(961,4611686018441957565,9277642,'Premium Architect#7664','2015-01-02 00:00:00.000','2025-03-25 00:00:00.000','PSN','[\'2305843009301195227\', \'2305843009301195228\', \'2305843009301195229\']'),(966,4611686018430113297,1343315,'Curious Mando#9885','2010-09-02 00:00:00.000','2025-03-04 00:00:00.000','XBOX','[\'2305843009344534885\', \'2305843009344534886\', \'2305843009465634653\']'),(968,4611686018456690601,13366229,'atsu#7711','2016-06-02 00:00:00.000','2025-03-19 00:00:00.000','PSN','[\'2305843009314495052\', \'2305843009330635194\', \'2305843009362184561\']'),(971,4611686018466259251,30264534,'Aku1687#1483','2022-06-12 00:00:00.000','2024-12-11 00:00:00.000','PSN','[\'2305843010068544135\', \'2305843010624995338\', \'2305843010625934480\']'),(972,4611686018516480175,28486318,'InfernoSSB#2722','2021-07-30 00:00:00.000','2025-03-26 00:00:00.000','XBOX','[\'2305843009939764270\', \'2305843010370364323\', \'2305843010439444609\']'),(974,4611686018453449916,12170969,'SpidyMonkee#1025','2015-10-31 00:00:00.000','2025-03-26 00:00:00.000','XBOX','[\'2305843009261503222\', \'2305843009261503223\', \'2305843009261503225\']'),(975,4611686018442120362,33993171,'Goody, Caseoh’s XXL Hoodie#8332','2024-07-22 00:00:00.000','2025-03-25 00:00:00.000','PSN','[\'2305843009272580208\', \'2305843009368664027\', \'2305843009372301073\']'),(976,4611686018429535301,8082928,'TheNovaPlays#4784','2014-10-12 00:00:00.000','2025-03-26 00:00:00.000','PSN','[\'2305843009261582361\', \'2305843009261582363\', \'2305843009261582365\']'),(978,4611686018432675739,9781454,'hunterspot#9555','2015-02-02 00:00:00.000','2025-03-14 00:00:00.000','PSN','[\'2305843009262651963\', \'2305843009262651966\', \'2305843009276549580\']'),(979,4611686018467450400,4566621,'Deletrix#0129','2014-06-12 00:00:00.000','2025-03-26 00:00:00.000','STEAM','[\'2305843009301035801\', \'2305843009304645691\', \'2305843009306925777\']'),(981,4611686018451903890,23383381,'yak#3104','2019-10-20 00:00:00.000','2025-03-25 00:00:00.000','XBOX','[\'2305843009523476722\', \'2305843009527117296\', \'2305843010670574765\']'),(983,4611686018476435248,18312633,'Jimothy#5978','2018-07-06 00:00:00.000','2025-03-25 00:00:00.000','STEAM','[\'2305843009361084201\', \'2305843009611524167\', \'2305843009611524483\']'),(984,4611686018459939672,13531590,'Noxect#8692','2016-07-09 00:00:00.000','2025-03-26 00:00:00.000','XBOX','[\'2305843009517887027\', \'2305843009623254940\', \'2305843009720994583\']'),(985,4611686018447535592,10351177,'BoolaBoola#3024','2015-03-31 00:00:00.000','2024-10-13 00:00:00.000','PSN','[\'2305843009860564915\', \'2305843009862054651\', \'2305843009862605532\']'),(988,4611686018486847949,23801478,'THORN (ADEPT)#3240','2019-11-09 00:00:00.000','2025-03-25 00:00:00.000','XBOX','[\'2305843009431024700\', \'2305843009531584176\', \'2305843009750874851\']'),(991,4611686018508718834,26787078,'MilkyFruitFish#3672','2020-10-26 00:00:00.000','2024-10-27 00:00:00.000','STEAM','[\'2305843009706995396\', \'2305843009755254369\', \'2305843010322004045\']'),(995,4611686018437193269,10020488,'Fruitzss#3198','2015-02-25 00:00:00.000','2025-02-28 00:00:00.000','XBOX','[\'2305843009268930367\', \'2305843009278975284\', \'2305843009732944123\']'),(996,4611686018467945492,18769677,'McLovin#4993','2018-09-07 00:00:00.000','2025-03-25 00:00:00.000','STEAM','[\'2305843009379346639\', \'2305843009400394235\', \'2305843009688624870\']'),(1000,4611686018473061380,18258549,'Seraph#3869','2018-06-20 00:00:00.000','2025-03-26 00:00:00.000','STEAM','[\'2305843009321665900\', \'2305843009363745270\', \'2305843009423977427\']'),(1003,4611686018443583803,10847855,'Levi#1565','2015-06-01 00:00:00.000','2025-03-23 00:00:00.000','XBOX','[\'2305843009304604846\', \'2305843009506524950\', \'2305843009849784276\']'),(1005,4611686018439913300,9843225,'Warmind_Cheff#7618','2015-02-08 00:00:00.000','2025-03-26 00:00:00.000','PSN','[\'2305843009265587826\', \'2305843009571535506\', \'2305843009816284716\']'),(1007,4611686018470778093,16727436,'Eydreeuhn#0952','2017-10-25 00:00:00.000','2025-03-25 00:00:00.000','STEAM','[\'2305843009299097085\', \'2305843009900274070\', \'2305843010353164381\']'),(1010,4611686018487212036,20913358,'Les#8408','2019-02-10 00:00:00.000','2025-03-23 00:00:00.000','STEAM','[\'2305843009433314343\', \'2305843009452134392\', \'2305843009452134393\']'),(1011,4611686018449575208,11227703,'Zelda#3988','2015-07-18 00:00:00.000','2025-03-25 00:00:00.000','XBOX','[\'2305843009356046341\', \'2305843009739444236\', \'2305843009768144271\']'),(1012,4611686018467199219,4877136,'Mr. Fruit#2913','2014-07-10 00:00:00.000','2024-07-17 00:00:00.000','STEAM','[\'2305843009299106618\', \'2305843009366813977\', \'2305843010127144222\']');
/*!40000 ALTER TABLE `Player` ENABLE KEYS */;
UNLOCK TABLES;

--
-- Table structure for table `Weapon`
--

DROP TABLE IF EXISTS `Weapon`;
/*!40101 SET @saved_cs_client     = @@character_set_client */;
/*!50503 SET character_set_client = utf8mb4 */;
CREATE TABLE `Weapon` (
  `weapon_id` int NOT NULL AUTO_INCREMENT,
  `ammo_type` enum('PRIMARY','SPECIAL','HEAVY') COLLATE utf8mb4_unicode_ci NOT NULL DEFAULT 'PRIMARY',
  `bng_weapon_id` bigint unsigned NOT NULL,
  `damage_type` enum('KINETIC','ARC','SOLAR','VOID','STASIS','STRAND') COLLATE utf8mb4_unicode_ci NOT NULL DEFAULT 'KINETIC',
  `weapon_name` varchar(255) COLLATE utf8mb4_unicode_ci NOT NULL,
  `weapon_type` enum('SIDEARM','HAND_CANNON','AUTO_RIFLE','PULSE_RIFLE','COMBAT_BOW','SUBMACHINE_GUN','SCOUT_RIFLE','SNIPER_RIFLE','SHOTGUN','GLAIVE','GRENADE_LAUNCHER','TRACE_RIFLE','FUSION_RIFLE','MACHINE_GUN','ROCKET_LAUNCHER','LINEAR_FUSION_RIFLE','SWORD') COLLATE utf8mb4_unicode_ci NOT NULL DEFAULT 'AUTO_RIFLE',
  `slot` enum('KINETIC','ENERGY','POWER') COLLATE utf8mb4_unicode_ci NOT NULL DEFAULT 'KINETIC',
  `rarity` enum('COMMON','UNCOMMON','RARE','LEGENDARY','EXOTIC') COLLATE utf8mb4_unicode_ci NOT NULL DEFAULT 'COMMON',
  PRIMARY KEY (`weapon_id`),
  UNIQUE KEY `Weapon_bng_weapon_id_key` (`bng_weapon_id`)
) ENGINE=InnoDB AUTO_INCREMENT=1098 DEFAULT CHARSET=utf8mb4 COLLATE=utf8mb4_unicode_ci;
/*!40101 SET character_set_client = @saved_cs_client */;

--
-- Dumping data for table `Weapon`
--

LOCK TABLES `Weapon` WRITE;
/*!40000 ALTER TABLE `Weapon` DISABLE KEYS */;
INSERT INTO `Weapon` VALUES (1,'SPECIAL',2715240478,'STASIS','Riptide','FUSION_RIFLE','KINETIC','LEGENDARY'),(2,'PRIMARY',2119346509,'SOLAR','Ammit AR2','AUTO_RIFLE','ENERGY','LEGENDARY'),(3,'HEAVY',1363886209,'SOLAR','Gjallarhorn','ROCKET_LAUNCHER','POWER','EXOTIC'),(4,'PRIMARY',1216319404,'KINETIC','Fatebringer (Timelost)','HAND_CANNON','KINETIC','LEGENDARY'),(5,'SPECIAL',1478986057,'SOLAR','Without Remorse','SHOTGUN','ENERGY','LEGENDARY'),(6,'HEAVY',2231910050,'SOLAR','Roar of the Bear','ROCKET_LAUNCHER','POWER','LEGENDARY'),(7,'SPECIAL',2767393525,'STRAND','Nox Perennial V','FUSION_RIFLE','KINETIC','LEGENDARY'),(8,'PRIMARY',1801007332,'SOLAR','No Hesitation','AUTO_RIFLE','ENERGY','LEGENDARY'),(9,'HEAVY',3794274730,'STASIS','Ill Omen','SWORD','POWER','LEGENDARY'),(10,'PRIMARY',1119734784,'KINETIC','Chroma Rush','AUTO_RIFLE','KINETIC','LEGENDARY'),(11,'PRIMARY',4023807721,'VOID','Shayura\'s Wrath (Adept)','SUBMACHINE_GUN','ENERGY','LEGENDARY'),(12,'PRIMARY',2852052802,'STASIS','Krait','AUTO_RIFLE','KINETIC','LEGENDARY'),(13,'SPECIAL',1644680957,'VOID','Null Composure','FUSION_RIFLE','ENERGY','LEGENDARY'),(14,'HEAVY',3568377122,'STASIS','Typhon GL5','GRENADE_LAUNCHER','POWER','LEGENDARY'),(15,'PRIMARY',372697604,'ARC','Cantata-57','HAND_CANNON','ENERGY','LEGENDARY'),(16,'PRIMARY',46524085,'KINETIC','Osteo Striga','SUBMACHINE_GUN','KINETIC','EXOTIC'),(18,'HEAVY',1763584999,'ARC','Grand Overture','MACHINE_GUN','POWER','EXOTIC'),(19,'SPECIAL',2891672170,'ARC','Xenoclast IV','SHOTGUN','ENERGY','LEGENDARY'),(21,'HEAVY',2187717691,'STRAND','Circular Logic','MACHINE_GUN','POWER','LEGENDARY'),(22,'SPECIAL',3371017761,'STASIS','Conditional Finality','SHOTGUN','KINETIC','EXOTIC'),(24,'PRIMARY',1173780905,'KINETIC','The Messenger (Adept)','PULSE_RIFLE','KINETIC','LEGENDARY'),(25,'PRIMARY',3016891299,'STRAND','Different Times','PULSE_RIFLE','KINETIC','LEGENDARY'),(28,'SPECIAL',3184681056,'STASIS','Fractethyst','SHOTGUN','KINETIC','LEGENDARY'),(29,'PRIMARY',2856683562,'KINETIC','SUROS Regime','AUTO_RIFLE','KINETIC','EXOTIC'),(30,'PRIMARY',927835311,'KINETIC','Buzzard (Adept)','SIDEARM','KINETIC','LEGENDARY'),(32,'PRIMARY',1234150730,'ARC','Trespasser','SIDEARM','ENERGY','EXOTIC'),(33,'SPECIAL',2653171213,'KINETIC','Astral Horizon','SHOTGUN','KINETIC','LEGENDARY'),(34,'PRIMARY',4039572196,'STRAND','The Immortal','SUBMACHINE_GUN','KINETIC','LEGENDARY'),(35,'PRIMARY',347366834,'KINETIC','Ace of Spades','HAND_CANNON','KINETIC','EXOTIC'),(36,'SPECIAL',2209003210,'VOID','Zealot\'s Reward','FUSION_RIFLE','ENERGY','LEGENDARY'),(37,'PRIMARY',814876684,'KINETIC','Wish-Ender','COMBAT_BOW','KINETIC','EXOTIC'),(38,'PRIMARY',3998080529,'SOLAR','Heliocentric QSc','SIDEARM','ENERGY','LEGENDARY'),(39,'PRIMARY',2328531378,'KINETIC','Lodbrok-C','AUTO_RIFLE','KINETIC','LEGENDARY'),(40,'PRIMARY',1937552980,'VOID','Doom of Chelchis','SCOUT_RIFLE','ENERGY','LEGENDARY'),(41,'PRIMARY',1622998472,'STASIS','Vulpecula','HAND_CANNON','KINETIC','LEGENDARY'),(42,'SPECIAL',411397829,'ARC','Gunnora\'s Axe','SHOTGUN','ENERGY','LEGENDARY'),(43,'SPECIAL',108221785,'KINETIC','Riiswalker','SHOTGUN','KINETIC','LEGENDARY'),(44,'PRIMARY',188882152,'VOID','Last Perdition','PULSE_RIFLE','ENERGY','LEGENDARY'),(45,'PRIMARY',2099894368,'KINETIC','Battle Scar','PULSE_RIFLE','KINETIC','LEGENDARY'),(48,'PRIMARY',4017959782,'ARC','Symmetry','SCOUT_RIFLE','ENERGY','EXOTIC'),(49,'PRIMARY',231031173,'STRAND','Mykel\'s Reverence','SIDEARM','KINETIC','LEGENDARY'),(50,'PRIMARY',2510526114,'STASIS','Unending Tempest','SUBMACHINE_GUN','KINETIC','LEGENDARY'),(52,'SPECIAL',4114929480,'VOID','Snorri FR5','FUSION_RIFLE','ENERGY','LEGENDARY'),(53,'HEAVY',433905699,'VOID','Swarm of the Raven','GRENADE_LAUNCHER','POWER','LEGENDARY'),(54,'SPECIAL',2990047042,'KINETIC','Succession','SNIPER_RIFLE','KINETIC','LEGENDARY'),(55,'PRIMARY',3920882229,'VOID','Exalted Truth (Adept)','HAND_CANNON','ENERGY','LEGENDARY'),(56,'PRIMARY',3319810953,'KINETIC','Eidolon Ally','AUTO_RIFLE','KINETIC','LEGENDARY'),(57,'PRIMARY',4129629253,'KINETIC','Khvostov 7G-0X','AUTO_RIFLE','KINETIC','EXOTIC'),(116,'SPECIAL',2073794990,'ARC','Mercurial Overreach','SNIPER_RIFLE','ENERGY','LEGENDARY'),(117,'PRIMARY',2708806099,'SOLAR','BxR-55 Battler','PULSE_RIFLE','ENERGY','LEGENDARY'),(120,'PRIMARY',427899681,'SOLAR','Red Death Reformed','PULSE_RIFLE','ENERGY','EXOTIC'),(121,'SPECIAL',2563012876,'ARC','Matador 64','SHOTGUN','ENERGY','LEGENDARY'),(123,'PRIMARY',1916287826,'KINETIC','Boudica-C','SIDEARM','KINETIC','LEGENDARY'),(124,'SPECIAL',2603483885,'ARC','Cloudstrike','SNIPER_RIFLE','ENERGY','EXOTIC'),(126,'PRIMARY',392008588,'STRAND','Perpetualis','AUTO_RIFLE','KINETIC','LEGENDARY'),(128,'PRIMARY',1248372789,'ARC','Sweet Sorrow','AUTO_RIFLE','ENERGY','LEGENDARY'),(130,'PRIMARY',1364093401,'KINETIC','The Last Word','HAND_CANNON','KINETIC','EXOTIC'),(131,'PRIMARY',882778888,'KINETIC','Rose','HAND_CANNON','KINETIC','LEGENDARY'),(132,'PRIMARY',2778013407,'KINETIC','Firefright','AUTO_RIFLE','KINETIC','LEGENDARY'),(133,'SPECIAL',4020742303,'ARC','Prophet of Doom','SHOTGUN','ENERGY','LEGENDARY'),(135,'PRIMARY',2566006935,'VOID','Fioritura-59','SIDEARM','ENERGY','LEGENDARY'),(136,'PRIMARY',3193598749,'STRAND','The Immortal (Adept)','SUBMACHINE_GUN','KINETIC','LEGENDARY'),(137,'PRIMARY',2527666306,'SOLAR','Igneous Hammer (Adept)','HAND_CANNON','ENERGY','LEGENDARY'),(140,'PRIMARY',3973202132,'KINETIC','Thorn','HAND_CANNON','KINETIC','EXOTIC'),(141,'PRIMARY',2094938673,'KINETIC','Adjudicator','SUBMACHINE_GUN','KINETIC','LEGENDARY'),(142,'PRIMARY',1825472717,'ARC','The End','SCOUT_RIFLE','ENERGY','LEGENDARY'),(143,'PRIMARY',4293613902,'KINETIC','Quicksilver Storm','AUTO_RIFLE','KINETIC','EXOTIC'),(144,'PRIMARY',3628991658,'VOID','Graviton Lance','PULSE_RIFLE','ENERGY','EXOTIC'),(145,'PRIMARY',3260753130,'SOLAR','Ticuu\'s Divination','COMBAT_BOW','ENERGY','EXOTIC'),(146,'PRIMARY',2314610827,'SOLAR','Igneous Hammer (Adept)','HAND_CANNON','ENERGY','LEGENDARY'),(147,'PRIMARY',3089417789,'ARC','Riskrunner','SUBMACHINE_GUN','ENERGY','EXOTIC'),(148,'PRIMARY',833898322,'SOLAR','Abyss Defiant','AUTO_RIFLE','ENERGY','LEGENDARY'),(149,'HEAVY',17096506,'SOLAR','Dragon\'s Breath','ROCKET_LAUNCHER','POWER','EXOTIC'),(150,'SPECIAL',3163900678,'STRAND','Swordbreaker','SHOTGUN','KINETIC','LEGENDARY'),(151,'SPECIAL',963710795,'STASIS','Aurvandil FR6','FUSION_RIFLE','KINETIC','LEGENDARY'),(153,'PRIMARY',4068264807,'KINETIC','Monte Carlo','AUTO_RIFLE','KINETIC','EXOTIC'),(154,'SPECIAL',1028582252,'VOID','The Comedian','SHOTGUN','ENERGY','LEGENDARY'),(155,'HEAVY',3103325054,'VOID','Retrofit Escapade','MACHINE_GUN','POWER','LEGENDARY'),(158,'HEAVY',839786290,'STASIS','Cold Comfort','ROCKET_LAUNCHER','POWER','LEGENDARY'),(159,'PRIMARY',2149683300,'ARC','IKELOS_SMG_v1.0.3','SUBMACHINE_GUN','ENERGY','LEGENDARY'),(160,'SPECIAL',2357297366,'KINETIC','Witherhoard','GRENADE_LAUNCHER','KINETIC','EXOTIC'),(162,'SPECIAL',613334176,'ARC','Forbearance','GRENADE_LAUNCHER','ENERGY','LEGENDARY'),(163,'PRIMARY',3886416794,'KINETIC','Submission','SUBMACHINE_GUN','KINETIC','LEGENDARY'),(164,'HEAVY',2812324400,'SOLAR','Parasite','GRENADE_LAUNCHER','POWER','EXOTIC'),(166,'SPECIAL',2595497736,'VOID','The Enigma','GLAIVE','ENERGY','LEGENDARY'),(167,'PRIMARY',1034055198,'KINETIC','Necrochasm','AUTO_RIFLE','KINETIC','EXOTIC'),(168,'HEAVY',1851777734,'SOLAR','Apex Predator','ROCKET_LAUNCHER','POWER','LEGENDARY'),(170,'SPECIAL',3591141932,'ARC','Techeun Force','FUSION_RIFLE','ENERGY','LEGENDARY'),(172,'SPECIAL',3381450498,'ARC','Indebted Kindness','SIDEARM','ENERGY','LEGENDARY'),(175,'HEAVY',3580904581,'VOID','Tractor Cannon','SHOTGUN','POWER','EXOTIC'),(177,'PRIMARY',1107446438,'KINETIC','Servant Leader','SCOUT_RIFLE','KINETIC','LEGENDARY'),(178,'SPECIAL',1852863732,'VOID','Wavesplitter','TRACE_RIFLE','ENERGY','EXOTIC'),(180,'PRIMARY',294129361,'VOID','The Title','SUBMACHINE_GUN','ENERGY','LEGENDARY'),(181,'PRIMARY',1144014195,'ARC','Dark Decider','AUTO_RIFLE','ENERGY','LEGENDARY'),(182,'HEAVY',3325463374,'ARC','Thunderlord','MACHINE_GUN','POWER','EXOTIC'),(183,'SPECIAL',1679868061,'KINETIC','Wastelander M5','SHOTGUN','KINETIC','LEGENDARY'),(190,'HEAVY',3257091167,'VOID','The Other Half','SWORD','POWER','LEGENDARY'),(191,'SPECIAL',346136302,'VOID','Retold Tale','SHOTGUN','ENERGY','LEGENDARY'),(197,'PRIMARY',2832639510,'SOLAR','Bug-Out Bag','SUBMACHINE_GUN','ENERGY','LEGENDARY'),(199,'HEAVY',1321506184,'STASIS','Qullim\'s Terminus','MACHINE_GUN','POWER','LEGENDARY'),(202,'SPECIAL',1289000550,'ARC','PLUG ONE.1','FUSION_RIFLE','ENERGY','LEGENDARY'),(204,'HEAVY',4050645223,'SOLAR','Hezen Vengeance','ROCKET_LAUNCHER','POWER','LEGENDARY'),(205,'PRIMARY',198854575,'KINETIC','Crimil\'s Dagger','HAND_CANNON','KINETIC','LEGENDARY'),(206,'SPECIAL',4169225313,'SOLAR','Compass Rose','SHOTGUN','ENERGY','LEGENDARY'),(207,'HEAVY',4230965989,'VOID','Commemoration','MACHINE_GUN','POWER','LEGENDARY'),(208,'HEAVY',1762785662,'STASIS','VS Chill Inhibitor','GRENADE_LAUNCHER','POWER','LEGENDARY'),(209,'PRIMARY',1292594730,'SOLAR','The Summoner (Adept)','AUTO_RIFLE','ENERGY','LEGENDARY'),(210,'HEAVY',568611923,'VOID','Edge Transit','GRENADE_LAUNCHER','POWER','LEGENDARY'),(213,'SPECIAL',2978226043,'SOLAR','Judgment of Kelgorath','GLAIVE','ENERGY','LEGENDARY'),(214,'PRIMARY',1028124540,'VOID','The Hero\'s Burden','SUBMACHINE_GUN','ENERGY','LEGENDARY'),(217,'PRIMARY',1678957657,'KINETIC','Psi Cirrus II','PULSE_RIFLE','KINETIC','RARE'),(218,'PRIMARY',711899775,'VOID','Dissonance-34','SIDEARM','ENERGY','RARE'),(219,'PRIMARY',4289226715,'SOLAR','Vex Mythoclast','FUSION_RIFLE','ENERGY','EXOTIC'),(220,'PRIMARY',2563668388,'ARC','Scalar Potential','PULSE_RIFLE','ENERGY','LEGENDARY'),(222,'PRIMARY',502356570,'SOLAR','Drang (Baroque)','SIDEARM','ENERGY','LEGENDARY'),(224,'HEAVY',3847137620,'SOLAR','Sola\'s Scar (Adept)','SWORD','POWER','LEGENDARY'),(226,'SPECIAL',2060863616,'ARC','Salvager\'s Salvo','GRENADE_LAUNCHER','ENERGY','LEGENDARY'),(227,'PRIMARY',1541131350,'KINETIC','Cerberus+1','AUTO_RIFLE','KINETIC','EXOTIC'),(229,'PRIMARY',2856514843,'STASIS','Syncopation-53','PULSE_RIFLE','KINETIC','LEGENDARY'),(230,'SPECIAL',3561203890,'KINETIC','Tessellation','FUSION_RIFLE','ENERGY','EXOTIC'),(231,'HEAVY',555148853,'ARC','Wendigo GL3 (Adept)','GRENADE_LAUNCHER','POWER','LEGENDARY'),(234,'PRIMARY',3588934839,'VOID','Le Monarque','COMBAT_BOW','ENERGY','EXOTIC'),(235,'PRIMARY',1081724548,'STASIS','Rapacious Appetite','SUBMACHINE_GUN','KINETIC','LEGENDARY'),(236,'SPECIAL',1665952087,'ARC','The Fourth Horseman','SHOTGUN','ENERGY','EXOTIC'),(237,'PRIMARY',3685470415,'STASIS','Veiled Threat','AUTO_RIFLE','KINETIC','LEGENDARY'),(238,'HEAVY',3444632029,'SOLAR','Unwavering Duty (Adept)','MACHINE_GUN','POWER','LEGENDARY'),(239,'PRIMARY',2372514508,'KINETIC','Blast Furnace','PULSE_RIFLE','KINETIC','LEGENDARY'),(241,'SPECIAL',1586231351,'SOLAR','Mindbender\'s Ambition','SHOTGUN','ENERGY','LEGENDARY'),(247,'PRIMARY',586671776,'STASIS','Something New','HAND_CANNON','KINETIC','LEGENDARY'),(251,'PRIMARY',1051949956,'ARC','Anonymous Autumn','SIDEARM','ENERGY','LEGENDARY'),(252,'SPECIAL',2913577176,'VOID','Scavenger\'s Fate','SHOTGUN','ENERGY','LEGENDARY'),(254,'HEAVY',2896109856,'STASIS','Archon\'s Thunder','MACHINE_GUN','POWER','LEGENDARY'),(255,'PRIMARY',2362471600,'SOLAR','Drang','SIDEARM','ENERGY','LEGENDARY'),(256,'PRIMARY',2907129556,'KINETIC','Sturm','HAND_CANNON','KINETIC','EXOTIC'),(257,'PRIMARY',3844694310,'KINETIC','The Jade Rabbit','SCOUT_RIFLE','KINETIC','EXOTIC'),(261,'PRIMARY',3824673936,'KINETIC','Outbreak Perfected','PULSE_RIFLE','KINETIC','EXOTIC'),(262,'SPECIAL',93061497,'VOID','VS Gravitic Arrest','FUSION_RIFLE','ENERGY','LEGENDARY'),(263,'PRIMARY',2199554524,'KINETIC','Bygones','PULSE_RIFLE','KINETIC','LEGENDARY'),(267,'PRIMARY',3121540812,'STRAND','Final Warning','SIDEARM','KINETIC','EXOTIC'),(270,'SPECIAL',1179141605,'SOLAR','Felwinter\'s Lie','SHOTGUN','ENERGY','LEGENDARY'),(271,'PRIMARY',3856705927,'KINETIC','Hawkmoon','HAND_CANNON','KINETIC','EXOTIC'),(273,'PRIMARY',2220884262,'KINETIC','The Steady Hand','HAND_CANNON','KINETIC','LEGENDARY'),(275,'PRIMARY',3437746471,'KINETIC','Crimson','HAND_CANNON','KINETIC','EXOTIC'),(276,'SPECIAL',417164956,'SOLAR','Jötunn','FUSION_RIFLE','ENERGY','EXOTIC'),(277,'PRIMARY',1678957659,'ARC','Encore-25','PULSE_RIFLE','ENERGY','RARE'),(278,'SPECIAL',1457394910,'KINETIC','Botheration Mk.28','SHOTGUN','KINETIC','RARE'),(280,'SPECIAL',3460576091,'SOLAR','Duality','SHOTGUN','ENERGY','EXOTIC'),(284,'PRIMARY',501329015,'KINETIC','Chattering Bone','PULSE_RIFLE','KINETIC','LEGENDARY'),(286,'HEAVY',2759251821,'SOLAR','Unwavering Duty (Adept)','MACHINE_GUN','POWER','LEGENDARY'),(287,'PRIMARY',3754408118,'VOID','The Riposte','AUTO_RIFLE','ENERGY','LEGENDARY'),(288,'SPECIAL',2035738085,'STASIS','Deadlock','SHOTGUN','KINETIC','LEGENDARY'),(289,'PRIMARY',431721920,'SOLAR','Zaouli\'s Bane','HAND_CANNON','ENERGY','LEGENDARY'),(290,'SPECIAL',3413860062,'KINETIC','The Chaperone','SHOTGUN','KINETIC','EXOTIC'),(291,'PRIMARY',821154603,'VOID','Gnawing Hunger','AUTO_RIFLE','ENERGY','LEGENDARY'),(292,'SPECIAL',3753063346,'SOLAR','Legato-11','SHOTGUN','ENERGY','LEGENDARY'),(293,'PRIMARY',400096939,'KINETIC','Outbreak Perfected','PULSE_RIFLE','KINETIC','EXOTIC'),(294,'PRIMARY',1123421440,'SOLAR','Epochal Integration','HAND_CANNON','ENERGY','LEGENDARY'),(298,'PRIMARY',2171478765,'KINETIC','Fatebringer','HAND_CANNON','KINETIC','LEGENDARY'),(299,'HEAVY',3366545721,'ARC','Bequest','SWORD','POWER','LEGENDARY'),(300,'SPECIAL',3849810018,'KINETIC','Pardon Our Dust','GRENADE_LAUNCHER','KINETIC','LEGENDARY'),(301,'PRIMARY',2907129557,'SOLAR','Sunshot','HAND_CANNON','ENERGY','EXOTIC'),(302,'PRIMARY',3512014804,'KINETIC','Lumina','HAND_CANNON','KINETIC','EXOTIC'),(303,'SPECIAL',1946491241,'VOID','Truthteller','GRENADE_LAUNCHER','ENERGY','LEGENDARY'),(306,'PRIMARY',267089201,'KINETIC','Warden\'s Law (Adept)','HAND_CANNON','KINETIC','LEGENDARY'),(308,'PRIMARY',3341893443,'VOID','Funnelweb','SUBMACHINE_GUN','ENERGY','LEGENDARY'),(311,'SPECIAL',1197771438,'STASIS','Lost Signal','GRENADE_LAUNCHER','KINETIC','LEGENDARY'),(312,'SPECIAL',768621510,'STASIS','Deliverance','FUSION_RIFLE','KINETIC','LEGENDARY'),(313,'PRIMARY',3549153978,'VOID','Fighting Lion','GRENADE_LAUNCHER','ENERGY','EXOTIC'),(314,'HEAVY',3105930175,'STASIS','Chain of Command','MACHINE_GUN','POWER','LEGENDARY'),(315,'PRIMARY',2286143274,'KINETIC','The Huckleberry','SUBMACHINE_GUN','KINETIC','EXOTIC'),(318,'HEAVY',268260372,'VOID','Regnant','GRENADE_LAUNCHER','POWER','LEGENDARY'),(319,'PRIMARY',491078457,'VOID','Positive Outlook','AUTO_RIFLE','ENERGY','LEGENDARY'),(320,'SPECIAL',933455006,'STASIS','Burden of Guilt','FUSION_RIFLE','KINETIC','LEGENDARY'),(321,'HEAVY',449318888,'VOID','Deterministic Chaos','MACHINE_GUN','POWER','EXOTIC'),(322,'SPECIAL',3821409356,'ARC','Ex Diris','GRENADE_LAUNCHER','ENERGY','EXOTIC'),(323,'PRIMARY',484515708,'STRAND','Rufus\'s Fury','AUTO_RIFLE','KINETIC','LEGENDARY'),(324,'PRIMARY',2372514509,'VOID','Elsie\'s Rifle','PULSE_RIFLE','ENERGY','LEGENDARY'),(325,'HEAVY',2591746970,'VOID','Leviathan\'s Breath','COMBAT_BOW','POWER','EXOTIC'),(327,'PRIMARY',2034215657,'STRAND','Round Robin','HAND_CANNON','KINETIC','LEGENDARY'),(329,'PRIMARY',3055790362,'KINETIC','Austringer','HAND_CANNON','KINETIC','LEGENDARY'),(331,'PRIMARY',1875512595,'STRAND','Kept Confidence','HAND_CANNON','KINETIC','LEGENDARY'),(332,'SPECIAL',4096943616,'SOLAR','Explosive Personality','GRENADE_LAUNCHER','ENERGY','LEGENDARY'),(333,'PRIMARY',3337727085,'KINETIC','Malediction','HAND_CANNON','KINETIC','LEGENDARY'),(335,'PRIMARY',3654674561,'KINETIC','Dead Man\'s Tale','SCOUT_RIFLE','KINETIC','EXOTIC'),(338,'HEAVY',2453357042,'ARC','Blast Battue','GRENADE_LAUNCHER','POWER','LEGENDARY'),(340,'HEAVY',4255171531,'ARC','The Hothead','ROCKET_LAUNCHER','POWER','LEGENDARY'),(341,'PRIMARY',3098328572,'VOID','The Recluse','SUBMACHINE_GUN','ENERGY','LEGENDARY'),(342,'PRIMARY',2189073092,'STRAND','Lethal Abundance','AUTO_RIFLE','KINETIC','LEGENDARY'),(344,'HEAVY',211732170,'VOID','Hammerhead','MACHINE_GUN','POWER','LEGENDARY'),(345,'PRIMARY',1821529912,'KINETIC','Warden\'s Law','HAND_CANNON','KINETIC','LEGENDARY'),(346,'SPECIAL',4097972038,'VOID','A Sudden Death','SHOTGUN','ENERGY','LEGENDARY'),(347,'PRIMARY',4070357005,'KINETIC','Seventh Seraph Carbine','AUTO_RIFLE','KINETIC','LEGENDARY'),(349,'HEAVY',616582330,'SOLAR','Cry Mutiny','GRENADE_LAUNCHER','POWER','LEGENDARY'),(350,'PRIMARY',2763843898,'KINETIC','Midnight Coup','HAND_CANNON','KINETIC','LEGENDARY'),(351,'HEAVY',4009352833,'SOLAR','Roar of the Bear','ROCKET_LAUNCHER','POWER','LEGENDARY'),(354,'SPECIAL',3027844941,'VOID','Erentil FR4','FUSION_RIFLE','ENERGY','LEGENDARY'),(357,'PRIMARY',3757612024,'SOLAR','Luna\'s Howl','HAND_CANNON','ENERGY','LEGENDARY'),(359,'PRIMARY',3211624072,'KINETIC','Multimach CCX','SUBMACHINE_GUN','KINETIC','LEGENDARY'),(361,'SPECIAL',318443586,'KINETIC','Imperial Decree','SHOTGUN','KINETIC','LEGENDARY'),(363,'PRIMARY',222606050,'STRAND','Glissando-47','SCOUT_RIFLE','KINETIC','LEGENDARY'),(364,'PRIMARY',378498222,'SOLAR','Punching Out','SIDEARM','ENERGY','LEGENDARY'),(366,'PRIMARY',1912669214,'ARC','Centrifuse','AUTO_RIFLE','ENERGY','EXOTIC'),(369,'PRIMARY',1820994983,'SOLAR','The Summoner','AUTO_RIFLE','ENERGY','LEGENDARY'),(373,'PRIMARY',2763843899,'SOLAR','Luna\'s Howl','HAND_CANNON','ENERGY','LEGENDARY'),(374,'PRIMARY',435821041,'STRAND','Relentless','PULSE_RIFLE','KINETIC','LEGENDARY'),(379,'PRIMARY',1853180924,'KINETIC','Traveler\'s Chosen','SIDEARM','KINETIC','EXOTIC'),(380,'SPECIAL',1606497639,'VOID','Harsh Language','GRENADE_LAUNCHER','ENERGY','LEGENDARY'),(381,'SPECIAL',3107853529,'SOLAR','Beloved','SNIPER_RIFLE','ENERGY','LEGENDARY'),(383,'HEAVY',3165547384,'VOID','Memory Interdict','GRENADE_LAUNCHER','POWER','LEGENDARY'),(384,'PRIMARY',70083888,'ARC','Nation of Beasts','HAND_CANNON','ENERGY','LEGENDARY'),(391,'PRIMARY',3483591058,'ARC','Prosecutor','AUTO_RIFLE','ENERGY','LEGENDARY'),(396,'HEAVY',2828278545,'ARC','Song of Ir Yût','MACHINE_GUN','POWER','LEGENDARY'),(398,'SPECIAL',3197270240,'ARC','Found Verdict','SHOTGUN','ENERGY','LEGENDARY'),(399,'PRIMARY',2097055732,'KINETIC','Piece of Mind','PULSE_RIFLE','KINETIC','LEGENDARY'),(400,'SPECIAL',499245245,'ARC','Ded Gramarye IV','SHOTGUN','ENERGY','LEGENDARY'),(405,'PRIMARY',4019668921,'SOLAR','Staccato-46','SCOUT_RIFLE','ENERGY','LEGENDARY'),(407,'PRIMARY',3678653083,'STRAND','Old Sterling','AUTO_RIFLE','KINETIC','LEGENDARY'),(411,'SPECIAL',2179048386,'KINETIC','Forerunner','SIDEARM','KINETIC','EXOTIC'),(415,'PRIMARY',4100775158,'KINETIC','Pizzicato-22','SUBMACHINE_GUN','KINETIC','LEGENDARY'),(416,'HEAVY',614426548,'VOID','Falling Guillotine','SWORD','POWER','LEGENDARY'),(417,'PRIMARY',2850664015,'SOLAR','Trust','HAND_CANNON','ENERGY','LEGENDARY'),(418,'HEAVY',1719687748,'ARC','Crux Termination IV','ROCKET_LAUNCHER','POWER','LEGENDARY'),(420,'HEAVY',657927352,'ARC','Hullabaloo','GRENADE_LAUNCHER','POWER','LEGENDARY'),(421,'SPECIAL',3947966653,'STRAND','The Call','SIDEARM','KINETIC','LEGENDARY'),(422,'PRIMARY',1058098236,'SOLAR','Timeworn Wayfarer','SCOUT_RIFLE','ENERGY','LEGENDARY'),(423,'PRIMARY',3276304504,'SOLAR','Perfect Pitch','SUBMACHINE_GUN','ENERGY','LEGENDARY'),(428,'SPECIAL',568611922,'KINETIC','The Mountaintop','GRENADE_LAUNCHER','KINETIC','LEGENDARY'),(429,'PRIMARY',2126178511,'ARC','Corrasion','PULSE_RIFLE','ENERGY','LEGENDARY'),(431,'SPECIAL',2905188646,'SOLAR','Still Hunt','SNIPER_RIFLE','ENERGY','EXOTIC'),(433,'PRIMARY',1594120904,'KINETIC','No Time to Explain','PULSE_RIFLE','KINETIC','EXOTIC'),(441,'HEAVY',471518543,'VOID','Corrective Measure','MACHINE_GUN','POWER','LEGENDARY'),(443,'PRIMARY',1013434963,'KINETIC','Adjudicator','SUBMACHINE_GUN','KINETIC','LEGENDARY'),(448,'PRIMARY',2823644677,'STASIS','Exuviae','HAND_CANNON','KINETIC','LEGENDARY'),(452,'HEAVY',1967303408,'SOLAR','Archon\'s Thunder','MACHINE_GUN','POWER','LEGENDARY'),(455,'SPECIAL',2145441168,'ARC','Prophet of Doom','SHOTGUN','ENERGY','LEGENDARY'),(457,'HEAVY',1896309757,'VOID','Hammerhead','MACHINE_GUN','POWER','LEGENDARY'),(458,'PRIMARY',3332125295,'STRAND','Aisha\'s Care (Adept)','PULSE_RIFLE','KINETIC','LEGENDARY'),(460,'HEAVY',1508896098,'ARC','The Wardcliff Coil','ROCKET_LAUNCHER','POWER','EXOTIC'),(464,'PRIMARY',4152016199,'STRAND','Better Devils','HAND_CANNON','KINETIC','LEGENDARY'),(466,'HEAVY',2694576561,'VOID','Two-Tailed Fox','ROCKET_LAUNCHER','POWER','EXOTIC'),(470,'PRIMARY',1973107014,'SOLAR','Igneous Hammer','HAND_CANNON','ENERGY','LEGENDARY'),(474,'SPECIAL',3232203524,'KINETIC','Someday','SHOTGUN','KINETIC','LEGENDARY'),(478,'PRIMARY',1216130969,'KINETIC','Cold Denial','PULSE_RIFLE','KINETIC','LEGENDARY'),(479,'SPECIAL',3106557243,'ARC','PLUG ONE.1 (Adept)','FUSION_RIFLE','ENERGY','LEGENDARY'),(481,'PRIMARY',2429822976,'KINETIC','Rose','HAND_CANNON','KINETIC','LEGENDARY'),(490,'SPECIAL',4184808992,'ARC','Adored','SNIPER_RIFLE','ENERGY','LEGENDARY'),(492,'PRIMARY',1161276682,'KINETIC','Redrix\'s Broadsword','PULSE_RIFLE','KINETIC','LEGENDARY'),(493,'SPECIAL',838556752,'VOID','Python','SHOTGUN','ENERGY','LEGENDARY'),(495,'PRIMARY',3635821806,'ARC','Phyllotactic Spiral','PULSE_RIFLE','ENERGY','LEGENDARY'),(498,'SPECIAL',2298039571,'STASIS','Rake Angle','GLAIVE','KINETIC','LEGENDARY'),(683,'PRIMARY',1481892490,'VOID','The Palindrome (Adept)','HAND_CANNON','ENERGY','LEGENDARY'),(687,'PRIMARY',216983039,'ARC','Horror\'s Least','PULSE_RIFLE','ENERGY','LEGENDARY'),(688,'PRIMARY',2362471601,'KINETIC','Rat King','SIDEARM','KINETIC','EXOTIC'),(689,'SPECIAL',2728851518,'VOID','Glacioclasm','FUSION_RIFLE','ENERGY','LEGENDARY'),(694,'PRIMARY',1331482397,'KINETIC','MIDA Multi-Tool','SCOUT_RIFLE','KINETIC','EXOTIC'),(695,'PRIMARY',1968410628,'STASIS','The Prophet','SCOUT_RIFLE','KINETIC','LEGENDARY'),(696,'SPECIAL',2208405142,'VOID','Telesto','FUSION_RIFLE','ENERGY','EXOTIC'),(697,'PRIMARY',3717177717,'KINETIC','Multimach CCX','SUBMACHINE_GUN','KINETIC','LEGENDARY'),(890,'PRIMARY',3433930495,'VOID','Gridskipper','PULSE_RIFLE','ENERGY','LEGENDARY'),(892,'PRIMARY',2888266564,'ARC','Crisis Inverted','HAND_CANNON','ENERGY','LEGENDARY'),(896,'HEAVY',603242241,'VOID','Hammerhead','MACHINE_GUN','POWER','LEGENDARY'),(897,'PRIMARY',2598420927,'KINETIC','Chroma Rush','AUTO_RIFLE','KINETIC','LEGENDARY'),(905,'PRIMARY',3472875143,'ARC','Wolftone Draw','COMBAT_BOW','ENERGY','LEGENDARY'),(908,'SPECIAL',2481881293,'SOLAR','Cartesian Coordinate','FUSION_RIFLE','ENERGY','LEGENDARY'),(909,'SPECIAL',631439337,'ARC','Found Verdict (Timelost)','SHOTGUN','ENERGY','LEGENDARY'),(936,'PRIMARY',1481594633,'STRAND','Barrow-Dyad','SUBMACHINE_GUN','KINETIC','EXOTIC'),(942,'PRIMARY',4219826183,'KINETIC','Fatebringer (Timelost)','HAND_CANNON','KINETIC','LEGENDARY'),(944,'HEAVY',3654744298,'VOID','Corrective Measure','MACHINE_GUN','POWER','LEGENDARY'),(945,'PRIMARY',2499720827,'KINETIC','Midnight Coup','HAND_CANNON','KINETIC','LEGENDARY'),(949,'SPECIAL',2198166292,'SOLAR','Aberrant Action','SIDEARM','ENERGY','LEGENDARY'),(951,'PRIMARY',1802135586,'KINETIC','Touch of Malice','SCOUT_RIFLE','KINETIC','EXOTIC'),(952,'SPECIAL',981718087,'VOID','Deafening Whisper','GRENADE_LAUNCHER','ENERGY','LEGENDARY'),(953,'HEAVY',3796510434,'VOID','Corrective Measure (Timelost)','MACHINE_GUN','POWER','LEGENDARY'),(954,'PRIMARY',814876685,'ARC','Trinity Ghoul','COMBAT_BOW','ENERGY','EXOTIC'),(955,'HEAVY',1959650777,'STASIS','Bump in the Night','ROCKET_LAUNCHER','POWER','LEGENDARY'),(958,'HEAVY',4220529694,'SOLAR','Avalanche','MACHINE_GUN','POWER','LEGENDARY'),(972,'SPECIAL',1111334348,'SOLAR','Ice Breaker','SNIPER_RIFLE','ENERGY','EXOTIC'),(974,'PRIMARY',1286686760,'KINETIC','Gahlran\'s Right Hand','AUTO_RIFLE','KINETIC','LEGENDARY'),(975,'SPECIAL',3524313097,'SOLAR','Eriana\'s Vow','HAND_CANNON','ENERGY','EXOTIC'),(976,'SPECIAL',4117693024,'SOLAR','Mindbender\'s Ambition','SHOTGUN','ENERGY','LEGENDARY'),(977,'PRIMARY',3116356268,'KINETIC','Spare Rations','HAND_CANNON','KINETIC','LEGENDARY'),(986,'SPECIAL',3169616514,'KINETIC','Bite of the Fox','SNIPER_RIFLE','KINETIC','LEGENDARY'),(988,'PRIMARY',153979397,'KINETIC','Better Devils','HAND_CANNON','KINETIC','LEGENDARY'),(989,'SPECIAL',3761898871,'VOID','Lorentz Driver','LINEAR_FUSION_RIFLE','ENERGY','EXOTIC'),(998,'SPECIAL',1303313141,'STRAND','Unsworn','TRACE_RIFLE','KINETIC','LEGENDARY'),(999,'SPECIAL',1886840007,'VOID','Chronophage','TRACE_RIFLE','ENERGY','LEGENDARY'),(1000,'HEAVY',3623686757,'SOLAR','Hezen Vengeance (Timelost)','ROCKET_LAUNCHER','POWER','LEGENDARY'),(1005,'PRIMARY',2903168058,'ARC','Division','SIDEARM','ENERGY','LEGENDARY'),(1006,'HEAVY',2228325504,'VOID','Edge Transit','GRENADE_LAUNCHER','POWER','LEGENDARY'),(1007,'SPECIAL',2680976411,'ARC','Albedo Wing','GLAIVE','ENERGY','LEGENDARY'),(1017,'PRIMARY',3434944005,'ARC','Point of the Stag','COMBAT_BOW','ENERGY','LEGENDARY'),(1018,'PRIMARY',3236112986,'KINETIC','Spare Rations','HAND_CANNON','KINETIC','LEGENDARY'),(1022,'PRIMARY',2188764214,'KINETIC','Dead Man\'s Tale','SCOUT_RIFLE','KINETIC','EXOTIC'),(1025,'PRIMARY',2812100428,'STASIS','Stay Frosty','PULSE_RIFLE','KINETIC','LEGENDARY'),(1034,'SPECIAL',487361141,'ARC','Gunnora\'s Axe','SHOTGUN','ENERGY','LEGENDARY'),(1035,'PRIMARY',3558681245,'KINETIC','BrayTech Werewolf','AUTO_RIFLE','KINETIC','LEGENDARY'),(1036,'PRIMARY',1141547457,'SOLAR','Frontier\'s Cry','HAND_CANNON','ENERGY','LEGENDARY'),(1038,'PRIMARY',3103255595,'SOLAR','Jurassic Green','PULSE_RIFLE','ENERGY','LEGENDARY'),(1041,'SPECIAL',1821724780,'SOLAR','Seventh Seraph CQC-12','SHOTGUN','ENERGY','LEGENDARY'),(1043,'PRIMARY',2378785953,'ARC','Yesterday\'s Question (Adept)','HAND_CANNON','ENERGY','LEGENDARY'),(1046,'PRIMARY',3218364298,'STASIS','Redrix\'s Estoc','PULSE_RIFLE','KINETIC','LEGENDARY'),(1047,'PRIMARY',839344841,'STRAND','Vengeful Whisper','COMBAT_BOW','KINETIC','LEGENDARY'),(1049,'SPECIAL',3871226707,'ARC','Mechabre','SNIPER_RIFLE','ENERGY','LEGENDARY'),(1052,'SPECIAL',2421180981,'STRAND','Incisor (Adept)','TRACE_RIFLE','KINETIC','LEGENDARY'),(1058,'PRIMARY',2910326942,'STRAND','Wish-Keeper','COMBAT_BOW','KINETIC','EXOTIC'),(1075,'SPECIAL',4248569242,'KINETIC','Heritage','SHOTGUN','KINETIC','LEGENDARY'),(1076,'SPECIAL',4190156464,'SOLAR','Merciless','FUSION_RIFLE','ENERGY','EXOTIC'),(1078,'PRIMARY',4184168210,'KINETIC','Fatebringer','HAND_CANNON','KINETIC','LEGENDARY'),(1082,'SPECIAL',2821677368,'VOID','Embraced Identity','SNIPER_RIFLE','ENERGY','LEGENDARY'),(1085,'PRIMARY',1621558458,'VOID','Gridskipper','PULSE_RIFLE','ENERGY','LEGENDARY'),(1087,'SPECIAL',2531963421,'STASIS','No Reprieve','SHOTGUN','KINETIC','LEGENDARY'),(1088,'PRIMARY',1331824604,'ARC','Combined Action','HAND_CANNON','ENERGY','LEGENDARY'),(1089,'HEAVY',1491665733,'SOLAR','Briar\'s Contempt','LINEAR_FUSION_RIFLE','POWER','LEGENDARY'),(1090,'PRIMARY',2816212794,'KINETIC','Bad Juju','PULSE_RIFLE','KINETIC','EXOTIC'),(1093,'SPECIAL',2130065553,'KINETIC','Arbalest','LINEAR_FUSION_RIFLE','KINETIC','EXOTIC');
/*!40000 ALTER TABLE `Weapon` ENABLE KEYS */;
UNLOCK TABLES;

--
-- Table structure for table `_prisma_migrations`
--

DROP TABLE IF EXISTS `_prisma_migrations`;
/*!40101 SET @saved_cs_client     = @@character_set_client */;
/*!50503 SET character_set_client = utf8mb4 */;
CREATE TABLE `_prisma_migrations` (
  `id` varchar(36) COLLATE utf8mb4_unicode_ci NOT NULL,
  `checksum` varchar(64) COLLATE utf8mb4_unicode_ci NOT NULL,
  `finished_at` datetime(3) DEFAULT NULL,
  `migration_name` varchar(255) COLLATE utf8mb4_unicode_ci NOT NULL,
  `logs` text COLLATE utf8mb4_unicode_ci,
  `rolled_back_at` datetime(3) DEFAULT NULL,
  `started_at` datetime(3) NOT NULL DEFAULT CURRENT_TIMESTAMP(3),
  `applied_steps_count` int unsigned NOT NULL DEFAULT '0',
  PRIMARY KEY (`id`)
) ENGINE=InnoDB DEFAULT CHARSET=utf8mb4 COLLATE=utf8mb4_unicode_ci;
/*!40101 SET character_set_client = @saved_cs_client */;

--
-- Dumping data for table `_prisma_migrations`
--

LOCK TABLES `_prisma_migrations` WRITE;
/*!40000 ALTER TABLE `_prisma_migrations` DISABLE KEYS */;
INSERT INTO `_prisma_migrations` VALUES ('08121f7c-23a8-4992-876f-52f486b5a78e','152e19627a8502baaaf623656e6b67a929b1e29d4bf117950bb849136d7d24f4','2024-11-29 20:44:52.412','20241101003544_added_weapon_table_and_enums',NULL,NULL,'2024-11-29 20:44:52.389',1),('0e014b2b-a032-4465-a95c-f528b58aab2a','d13c669a93f8786f4d1eadb798465bba29e459b531cb1c0c1861da70b8525df5','2024-11-29 22:43:15.356','20241129224315_change_all_bigint_to_unsigned_bigints',NULL,NULL,'2024-11-29 22:43:15.243',1),('117910f1-a1c7-45ed-adbf-8852428b16cd','8d6c4283369e3a79426cab58ef42b281b3e9d4892283268fcfe3fd35ae5ca1e0','2024-11-29 20:44:52.827','20241129083043_removed_activtiy_stats_table',NULL,NULL,'2024-11-29 20:44:52.805',1),('14170c59-bbe7-4a8f-b2f7-c1a55ef1e8e4','2960e5482d007c7b075022c52257f8d14d7d6b71cfbb915983d83a97bf07e7d5','2024-11-29 22:49:40.975','20241129224940_updated_ordering_of_columns_to_be_more_consistent_and_practical',NULL,NULL,'2024-11-29 22:49:40.942',1),('15fb60b9-6857-42fc-96d4-937c022de794','1fc8c1d0f1daff9bf32d2088067613e13f77ee9b26c6df1d2a5c71e999a50cd5','2024-11-29 20:44:52.339','20241030042120_added_char_date_created',NULL,NULL,'2024-11-29 20:44:52.330',1),('285e4ecb-7447-462d-9f9e-5cac87a62532','1e6271154c8230493bb28499f7fbab8a6d7bbbf341f5e47652b44bdd92370dd7','2024-12-01 02:36:54.105','20241201023654_update_name_for_bow_enum_value',NULL,NULL,'2024-12-01 02:36:54.067',1),('29e576cd-65b7-4ec5-adcd-bdc9da1a6bcf','dd1e3a8e992d199cb9fd7662a9fa55fa9cb552532645c06fe6feea67b7578484','2024-11-30 06:12:42.460','20241130061242_truncated_equipped_armor_and_equipped_weapon_tables',NULL,NULL,'2024-11-30 06:12:42.413',1),('2e467333-f757-4fd6-a1d2-af607f745f6c','c17a5ef51844b3e826f49b2f5d27be44e9f1019f75379f139f6c832ab8953256','2024-11-30 03:32:26.405','20241130033226_fixed_spelling_in_stats_table_made_activity_id_unique_in_activity_table',NULL,NULL,'2024-11-30 03:32:26.351',1),('3a5614b2-64da-42e5-b32c-dc7411da6b42','d0efddc4ee206175082e61709ba224a059a230e9970b53656170e6f4b15fa310','2024-11-29 20:44:52.329','20241030042017_init',NULL,NULL,'2024-11-29 20:44:52.318',1),('4256d419-2e03-4e9e-9277-e6244f29bfe2','ebecf955db7b8b0f5eeab82d6efff42858849bfe7b7929258299d85bfbac0690','2024-11-29 20:44:52.483','20241101005744_added_armor_table',NULL,NULL,'2024-11-29 20:44:52.445',1),('4f1fbffb-70b0-4924-9268-15345188bee2','15ea6b6a1e5fb3934667aefeb19bfa5ee7566da05cde141f83a821c3adfeb17c','2024-12-01 03:25:23.197','20241201032523_changed_rpm_column_to_main_stat_in_equipped_weapon_table',NULL,NULL,'2024-12-01 03:25:23.176',1),('5460c1ff-69b3-4b50-a123-b6c5d70db633','3f43cf08676400b51c28ae525427aaadaa79ef171081df9b630633cc82dbe23d','2024-11-30 03:35:06.470','20241130033506_added_class_column_to_stats_table',NULL,NULL,'2024-11-30 03:35:06.457',1),('6242e619-424d-423e-8fdc-33853fe01df5','402d8a51f59e132040ee5ec9a4bf33472a1ee04b6004ff3c7e0b7523ea153267','2024-12-01 03:53:30.130','20241201035330_added_rarity_column_to_weapon_table',NULL,NULL,'2024-12-01 03:53:30.105',1),('66ae4b4b-1f66-49c2-98c4-3f38b85ff98f','d93c11b30e9283b5b8f9a639b860d90f2cb037d8d3b4da0949286c9a8163e1db','2024-11-29 22:27:37.285','20241129222737_added_unique_tags_to_various_columns',NULL,NULL,'2024-11-29 22:27:37.230',1),('6e764964-c67a-41ca-a897-5321f8f4015c','120a756ae82119a2830fa3582e56106ef376b1f42ada73795b8d5e74328c8569','2024-11-30 05:09:31.567','20241130050931_updated_instance_id_to_be_big_int_in_stats_table',NULL,NULL,'2024-11-30 05:09:31.541',1),('6fb1b187-a4b4-4605-9688-0629bad5f1d5','e9cf6e6cd898985c70549385f162ac0fcd88a54122a2b37817c95f68adf87447','2024-11-29 20:44:52.543','20241116012358_added_activity_stats_table',NULL,NULL,'2024-11-29 20:44:52.484',1),('787d3b83-cb8c-4147-a345-a81cb54496bc','961ad2812adcd780a8399176f024ae4e29d6c2d548d01b514a66c307bd44c05c','2024-11-29 20:44:52.387','20241030042920_added_weapon_table',NULL,NULL,'2024-11-29 20:44:52.376',1),('8c5fa03c-ce4f-42c9-a025-10c9e3ac8d89','e157104e0398b5d3b48a9dd97d462d4a97f24e3d2a6ce0f1cf1f0188965ae29a','2024-11-29 20:44:52.902','20241129083140_readded_activity_stats_table_with_correct_keys',NULL,NULL,'2024-11-29 20:44:52.829',1),('8f24c9d8-d98e-460a-8433-04a286576e70','9a8257ac714309172fc193061bce8c00db89f774537ca2bd97ddd240c83d143b','2024-11-29 20:44:52.567','20241126172710_added_class_enum',NULL,NULL,'2024-11-29 20:44:52.544',1),('9043b642-9a81-4d99-91d7-de6b5fdb14b1','3676c5ef50b5c66eef8c7fd68bce7fc629cbd1d21019998a58a9bb0c9603e8ee','2024-11-30 03:10:43.715','20241130031043_update_activity_type_column_to_be_a_string_not_enum',NULL,NULL,'2024-11-30 03:10:43.686',1),('ba82d4ad-9f92-47b9-b4fa-3689df618df6','3acc61b32ea449cc0635ea1d10e2daa915af14b877d584e562d7384be4e59dfa','2024-11-29 20:44:52.804','20241129082725_redesigned_activity_stats',NULL,NULL,'2024-11-29 20:44:52.750',1),('bd155bee-f19b-422d-a3f8-01d8cdf58bd3','7ed447dd13db7e9e863a25c1b15ec03238901e00392d7c1dac2409d0a7b4393c','2024-12-02 02:10:22.222','20241202021022_',NULL,NULL,'2024-12-02 02:10:22.117',1),('c1451db5-57b6-4399-8402-0b7e5f6cfa09','95c20563ce3235a6a8d0709cd39fd63cd18305e6dea8f49ca25160bee9e1569b','2024-11-29 20:44:52.374','20241030042659_added_date_constraints',NULL,NULL,'2024-11-29 20:44:52.341',1),('c680384c-4c86-4781-849b-e2982c8434cc','f495a14000df217929fb0a1189dc2c8aa77f17c38a210b15d14f9ad8a404ae70','2024-11-29 20:44:52.317','20241030041915_init',NULL,NULL,'2024-11-29 20:44:52.279',1),('c728cc43-0f47-42ce-a8a5-85ab1ac430e4','33e677b9e49a9e95ab571ddfcbcab1c2607c32684885c9951940422d2b31b8c5','2024-11-30 05:26:04.801','20241130052604_',NULL,NULL,'2024-11-30 05:26:04.776',1),('dab7b41b-74a2-444e-8ff9-6f33e1a57336','e825fbf4300d3e0ba14578c46bff1dde5ca1d02929d8d897957e816cfed774e2','2024-11-30 03:38:22.452','20241130033822_fixed_spelling_in_activity_table',NULL,NULL,'2024-11-30 03:38:22.410',1),('e4181174-c79c-4023-a541-3e93c63b8132','4e3f70b3c48cfce9ef0b89dd206ba22d25683ceb2145b47cd35048f65eb90178','2024-11-29 20:44:52.444','20241101004034_added_weapon_character_relation',NULL,NULL,'2024-11-29 20:44:52.414',1),('f6c13163-6b7a-4908-904c-0fcb85b11832','69de28ec7ec5d46d1a81cd7452c58b5c0f421b23855298bc035588dd6abc6e44','2024-11-29 20:44:52.749','20241129021037_added_modifiers_to_activity_adjusted_activity_type_enum',NULL,NULL,'2024-11-29 20:44:52.568',1);
/*!40000 ALTER TABLE `_prisma_migrations` ENABLE KEYS */;
UNLOCK TABLES;
/*!40103 SET TIME_ZONE=@OLD_TIME_ZONE */;

/*!40101 SET SQL_MODE=@OLD_SQL_MODE */;
/*!40014 SET FOREIGN_KEY_CHECKS=@OLD_FOREIGN_KEY_CHECKS */;
/*!40014 SET UNIQUE_CHECKS=@OLD_UNIQUE_CHECKS */;
/*!40101 SET CHARACTER_SET_CLIENT=@OLD_CHARACTER_SET_CLIENT */;
/*!40101 SET CHARACTER_SET_RESULTS=@OLD_CHARACTER_SET_RESULTS */;
/*!40101 SET COLLATION_CONNECTION=@OLD_COLLATION_CONNECTION */;
/*!40111 SET SQL_NOTES=@OLD_SQL_NOTES */;

-- Dump completed on 2025-04-12  1:05:12
